name,slug,domain,type,description,level,recallCost,actions
10,10,,,,,,
10,10,,,,,,
1,1,,,,,,
1,1,,,,,,
1,1,,,,,,
2,2,,,,,,
2,2,,,,,,
2,2,,,,,,
3,3,,,,,,
3,3,,,,,,
3,3,,,,,,
4,4,,,,,,
4,4,,,,,,
4,4,,,,,,
5,5,,,,,,
5,5,,,,,,
5,5,,,,,,
6,6,,,,,,
6,6,,,,,,
6,6,,,,,,
7,7,,,,,,
8,8,,,,,,
8,8,,,,,,
8,8,,,,,,
9,9,,,,,,
9,9,,,,,,
Air Support,air-support,maker,ability,"<i>The sky belongs to you.</i><p class=""Card-Feature"">One per long rest, you launch and control drones that provide tactical overwatch. Spotlight an Action to shift the drones between Offensive mode and Defensive mode: </p><p><b>Defensive mode</b>: You have +2 Evasion and all allies have +1 Evasion</p><b>Offensive mode</b>: You have +2 to your attacks and all allies have +1 to their attacks",3,1,"{'Air Support': {'type': 'effect', 'systemPath': 'actions', 'description': '<i>The sky belongs to you.</i><p class=""Card-Feature"">One per long rest, you launch and control drones that provide tactical overwatch. Spotlight an Action to shift the drones between Offensive mode and Defensive mode: <p><b>Defensive mode</b>: You have +2 Evasion and all allies have +1 Evasion</p><b>Offensive mode</b>: You have +2 to your attacks and all allies have +1 to their attacks', 'chatDisplay': True, 'actionType': 'passive', 'cost': [], 'uses': {'value': None, 'max': '', 'recovery': None, 'consumeOnSuccess': False}, 'effects': [], 'target': {'type': 'any', 'amount': None}, 'name': 'Air Support', 'img': 'modules/cybermancy/assets/icons/domains/maker/air-support.webp', 'range': '', '_id': 'oAzj3n846rOfOo6K'}}"
"All quiet here, how are you?",all-quiet-here-how-are-you,circuit,ability,"<i>“If at first you don’t succeed, reboot and lie about it.”</i><p class=""Card-Feature"">Mark Stress (up to your Proficiency) to lower the System Alert one level per Stress marked.</p>",3,1,"{'All quiet here, how are you?': {'type': 'attack', 'systemPath': 'actions', 'description': '<i>“If at first you don’t succeed, reboot and lie about it.”</i><p class=""Card-Feature"">Mark Stress (up to your Proficiency) to lower the System Alert one level per Stress marked.', 'chatDisplay': True, 'actionType': 'action', 'cost': [{'key': 'stress', 'value': 1, 'keyIsID': False, 'scalable': False, 'step': None, 'consumeOnSuccess': False}], 'uses': {'value': None, 'max': '', 'recovery': None, 'consumeOnSuccess': False}, 'effects': [], 'target': {'type': 'any', 'amount': None}, 'name': 'All quiet here, how are you?', 'img': 'modules/cybermancy/assets/icons/domains/circuit/all-quiet-here,-how-are-you?.webp', 'range': '', 'damage': {'parts': [], 'includeBase': False}, 'roll': {'type': None, 'trait': None, 'difficulty': None, 'bonus': None, 'advState': 'neutral', 'diceRolling': {'multiplier': 'prof', 'flatMultiplier': 1, 'dice': 'd6', 'compare': None, 'treshold': None}, 'useDefault': False}, '_id': 'VJlPWrQyFvkkkBnD', 'save': {'trait': None, 'difficulty': None, 'damageMod': 'none'}}}"
Analyst,analyst,maker,ability,"<i>Knowledge is the best weapon.</i><p class=""Card-Feature"">Once per session, <strong>Spend 2 Hope</strong> to ask the GM 3 yes/no questions about a material, structure, or device.</p>",9,1,"{'Analyst': {'type': 'attack', 'systemPath': 'actions', 'description': '<i>Knowledge is the best weapon.</i><p class=""Card-Feature"">Once per session, <strong>Spend 2 Hope</strong> to ask the GM 3 yes/no questions about a material, structure, or device.', 'chatDisplay': True, 'actionType': 'action', 'cost': [{'key': 'hope', 'value': 2, 'keyIsID': False, 'scalable': False, 'step': None, 'consumeOnSuccess': False}], 'uses': {'value': None, 'max': '', 'recovery': None, 'consumeOnSuccess': False}, 'effects': [], 'target': {'type': 'any', 'amount': None}, 'name': 'Analyst', 'img': 'modules/cybermancy/assets/icons/domains/maker/analyst.webp', 'range': '', 'damage': {'parts': [], 'includeBase': False}, 'roll': {'type': None, 'trait': None, 'difficulty': None, 'bonus': None, 'advState': 'neutral', 'diceRolling': {'multiplier': 'prof', 'flatMultiplier': 1, 'dice': 'd6', 'compare': None, 'treshold': None}, 'useDefault': False}, '_id': 'a6rTyNzPFG559DNj', 'save': {'trait': None, 'difficulty': None, 'damageMod': 'none'}}}"
Armorer,armorer,maker,ability,"<i>Armor is just skin for machines.</i><p class=""Card-Feature"">During downtime, <strong>Spend 1 Hope</strong> to repair up to 3 armor slots for yourself or an ally.</p>",2,0,"{'Armorer': {'type': 'effect', 'systemPath': 'actions', 'description': '<i>Armor is just skin for machines.</i><p class=""Card-Feature"">During downtime, <strong>Spend 1 Hope</strong> to repair up to 3 armor slots for yourself or an ally.', 'chatDisplay': True, 'actionType': 'passive', 'cost': [{'key': 'hope', 'value': 1, 'keyIsID': False, 'scalable': False, 'step': None, 'consumeOnSuccess': False}], 'uses': {'value': None, 'max': '', 'recovery': None, 'consumeOnSuccess': False}, 'effects': [], 'target': {'type': 'any', 'amount': None}, 'name': 'Armorer', 'img': 'modules/cybermancy/assets/icons/domains/maker/armorer.webp', 'range': '', '_id': '1NcRKbxAH6gNEwAL'}}"
Assess Equipment,assess-equipment,maker,ability,"<i>Every circuit tells a secret.</i><p class=""Card-Feature""><strong>Spend 1 Hope</strong> after 10 minutes of inspection to ask the GM 3 yes/no questions about the device.</p>",4,1,"{'Assess Equipment': {'type': 'effect', 'systemPath': 'actions', 'description': '<i>Every circuit tells a secret.</i><p class=""Card-Feature""><strong>Spend 1 Hope</strong> after 10 minutes of inspection to ask the GM 3 yes/no questions about the device.', 'chatDisplay': True, 'actionType': 'passive', 'cost': [{'key': 'hope', 'value': 1, 'keyIsID': False, 'scalable': False, 'step': None, 'consumeOnSuccess': False}], 'uses': {'value': None, 'max': '', 'recovery': None, 'consumeOnSuccess': False}, 'effects': [], 'target': {'type': 'any', 'amount': None}, 'name': 'Assess Equipment', 'img': 'modules/cybermancy/assets/icons/domains/maker/assess-equipment.webp', 'range': '', '_id': 'wEbK30mQG2bf5vfP'}}"
Assess Weapon,assess-weapon,bullet,ability,"<i>Every gun tells a story.</i><p class=""Card-Feature"">Identify the weapon type and potential weaknesses or modifications of one visible gun within Far</p>",1,0,"{'Assess Weapon': {'type': 'effect', 'systemPath': 'actions', 'description': '<i>Every gun tells a story.</i><p class=""Card-Feature"">Identify the weapon type and potential weaknesses or modifications of one visible gun within Far', 'chatDisplay': True, 'actionType': 'passive', 'cost': [], 'uses': {'value': None, 'max': '', 'recovery': None, 'consumeOnSuccess': False}, 'effects': [], 'target': {'type': 'any', 'amount': None}, 'name': 'Assess Weapon', 'img': 'modules/cybermancy/assets/icons/domains/bullet/assess-weapon.webp', 'range': '', '_id': 'p6OTvH6OyyFJfUvs'}}"
Body Shield,body-shield,bullet,ability,"<i>Pragmatism over pity.</i><p class=""Card-Feature"">Once per Scene, <strong>Mark 1 Stress</strong> and grab a creature of your size or smaller within Very Close. Gain +2 Evasion until next your next Action.</p>",4,2,"{'Body Shield': {'type': 'attack', 'systemPath': 'actions', 'description': '<i>Pragmatism over pity.</i><p class=""Card-Feature"">Once per Scene, <strong>Mark 1 Stress</strong> and grab a creature of your size or smaller within Very Close. Gain +2 Evasion until next your next Action.', 'chatDisplay': True, 'actionType': 'action', 'cost': [{'key': 'stress', 'value': 1, 'keyIsID': False, 'scalable': False, 'step': None, 'consumeOnSuccess': False}], 'uses': {'value': None, 'max': '', 'recovery': None, 'consumeOnSuccess': False}, 'effects': [], 'target': {'type': 'any', 'amount': None}, 'name': 'Body Shield', 'img': 'modules/cybermancy/assets/icons/domains/bullet/body-shield.webp', 'range': '', 'damage': {'parts': [], 'includeBase': False}, 'roll': {'type': None, 'trait': None, 'difficulty': None, 'bonus': None, 'advState': 'neutral', 'diceRolling': {'multiplier': 'prof', 'flatMultiplier': 1, 'dice': 'd6', 'compare': None, 'treshold': None}, 'useDefault': False}, '_id': 'BwuK4SlUaDmmDE5G', 'save': {'trait': None, 'difficulty': None, 'damageMod': 'none'}}}"
Bullet,bullet,,,,,,
Bullet Time,bullet-time,bullet,ability,"<i>You’re never where they’re aiming.</i><p class=""Card-Feature"">Once per rest, Spend 2 Hope to gain +4 to evasion against one chosen target until your next action.</p>",4,1,"{'Bullet Time': {'type': 'attack', 'systemPath': 'actions', 'description': '<i>You’re never where they’re aiming.</i><p class=""Card-Feature"">Once per rest, Spend 2 Hope to gain +4 to evasion against one chosen target until your next action.', 'chatDisplay': True, 'actionType': 'action', 'cost': [{'key': 'hope', 'value': 2, 'keyIsID': False, 'scalable': False, 'step': None, 'consumeOnSuccess': False}], 'uses': {'value': None, 'max': '', 'recovery': None, 'consumeOnSuccess': False}, 'effects': [], 'target': {'type': 'any', 'amount': None}, 'name': 'Bullet Time', 'img': 'modules/cybermancy/assets/icons/domains/bullet/bullet-time.webp', 'range': '', 'damage': {'parts': [], 'includeBase': False}, 'roll': {'type': None, 'trait': None, 'difficulty': None, 'bonus': None, 'advState': 'neutral', 'diceRolling': {'multiplier': 'prof', 'flatMultiplier': 1, 'dice': 'd6', 'compare': None, 'treshold': None}, 'useDefault': False}, '_id': 'ba62owK8ItGXCc5x', 'save': {'trait': None, 'difficulty': None, 'damageMod': 'none'}}}"
Burst Fire,burst-fire,bullet,ability,"<i>Suppression by saturation.</i><p class=""Card-Feature""><strong>Mark 2 Stress</strong>Attack up to your Proficiency number of targets within Far range in a 45 degree cone.  Make 1 Attack roll at +2 against the first target.  Subtract 2 from that value for the second target and subtract 2 more for each subsequent target.  (So, 1 roll of the Destiny dice, but the value is applied to all targets, starting at +2 and going down by 2 for each target after the first. Gun is emptied afterward and you must take an Action to reload before you can make another Attack action.</p>",6,2,"{'Burst Fire': {'type': 'attack', 'systemPath': 'actions', 'description': '<i>Suppression by saturation.</i><p class=""Card-Feature""><strong>Mark 2 Stress</strong>Attack up to your Proficiency number of targets within Far range in a 45 degree cone.  Make 1 Attack roll at +2 against the first target.  Subtract 2 from that value for the second target and subtract 2 more for each subsequent target.  (So, 1 roll of the Destiny dice, but the value is applied to all targets, starting at +2 and going down by 2 for each target after the first. Gun is emptied afterward and you must take an Action to reload before you can make another Attack action.', 'chatDisplay': True, 'actionType': 'action', 'cost': [{'key': 'stress', 'value': 2, 'keyIsID': False, 'scalable': False, 'step': None, 'consumeOnSuccess': False}], 'uses': {'value': None, 'max': '', 'recovery': None, 'consumeOnSuccess': False}, 'effects': [], 'target': {'type': 'any', 'amount': None}, 'name': 'Burst Fire', 'img': 'modules/cybermancy/assets/icons/domains/bullet/burst-fire.webp', 'range': '', 'damage': {'parts': [], 'includeBase': False}, 'roll': {'type': None, 'trait': None, 'difficulty': None, 'bonus': None, 'advState': 'neutral', 'diceRolling': {'multiplier': 'prof', 'flatMultiplier': 1, 'dice': 'd6', 'compare': None, 'treshold': None}, 'useDefault': False}, '_id': 'cSQdhU652SOHdJdP', 'save': {'trait': None, 'difficulty': None, 'damageMod': 'none'}}}"
Chinook,chinook,maker,ability,"<i>Airlift on demand.</i><p class=""Card-Feature"">While active, your <b>Primary Drone</b> can carry you and one ally. While equipped, it may only carry one weapon and has -2 Evasion.</p>",10,2,"{'Chinook': {'type': 'effect', 'systemPath': 'actions', 'description': '<i>Airlift on demand.</i><p class=""Card-Feature"">While active, your <b>Primary Drone</b> can carry you and one ally. While equipped, it may only carry one weapon and has -2 Evasion.', 'chatDisplay': True, 'actionType': 'passive', 'cost': [], 'uses': {'value': None, 'max': '', 'recovery': None, 'consumeOnSuccess': False}, 'effects': [], 'target': {'type': 'any', 'amount': None}, 'name': 'Chinook', 'img': 'modules/cybermancy/assets/icons/domains/maker/chinook.webp', 'range': '', '_id': 'T2vAG5ZwojY3INeu'}}"
Circuit,circuit,,,,,,
Creative coding,creative-coding,circuit,ability,"<i>“If at first you don’t succeed, reboot and lie about it.”</i><p class=""Card-Feature"">Once per long rest, add a new Digital Feature to a Device that it didn't originally have (GM's discretion)</p>",6,1,"{'Creative coding': {'type': 'attack', 'systemPath': 'actions', 'description': '<i>“If at first you don’t succeed, reboot and lie about it.”</i><p class=""Card-Feature"">Once per long rest, add a new Digital Feature to a Device that it didn\'t originally have (GM\'s discretion)', 'chatDisplay': True, 'actionType': 'action', 'cost': [], 'uses': {'value': None, 'max': '', 'recovery': None, 'consumeOnSuccess': False}, 'effects': [], 'target': {'type': 'any', 'amount': None}, 'name': 'Creative coding', 'img': 'modules/cybermancy/assets/icons/domains/circuit/creative-coding.webp', 'range': '', 'damage': {'parts': [], 'includeBase': False}, 'roll': {'type': None, 'trait': None, 'difficulty': None, 'bonus': None, 'advState': 'neutral', 'diceRolling': {'multiplier': 'prof', 'flatMultiplier': 1, 'dice': 'd6', 'compare': None, 'treshold': None}, 'useDefault': False}, '_id': 'D6YaS5yIPHb26PEp', 'save': {'trait': None, 'difficulty': None, 'damageMod': 'none'}}}"
Cybernetics syndrome,cybernetics-syndrome,circuit,ability,"<i>“When code and soul sync, reality gets a patch update.”</i><p class=""Card-Feature"">Your Digital Awareness can now detect cybernetics within individuals up to your Tier level.  You can <strong>Spend 1 Hope</strong> to make a Spellcasting roll against a cybernetically enhanced individual within Far.  On a success, place a number of tokens on thie card equal to your Spellcasting Abiliity level.  Take an Action to apply one of the following effects: 1) Visual hallucinations, 2) Audio hallucinations, 3) <strong>Mark 1 Stress</strong> to give them disadvantage on their next Action, 4) -4 Evasion until they take an Action to remove the effect.</p>",5,1,"{'Cybernetics syndrome': {'type': 'attack', 'systemPath': 'actions', 'description': '<i>“When code and soul sync, reality gets a patch update.”</i><p class=""Card-Feature"">Your Digital Awareness can now detect cybernetics within individuals up to your Tier level.  You can <strong>Spend 1 Hope</strong> to make a Spellcasting roll against a cybernetically enhanced individual within Far.  On a success, place a number of tokens on thie card equal to your Spellcasting Abiliity level.  Take an Action to apply one of the following effects: 1) Visual hallucinations, 2) Audio hallucinations, 3) <strong>Mark 1 Stress</strong> to give them disadvantage on their next Action, 4) -4 Evasion until they take an Action to remove the effect.', 'chatDisplay': True, 'actionType': 'action', 'cost': [{'key': 'hope', 'value': 1, 'keyIsID': False, 'scalable': False, 'step': None, 'consumeOnSuccess': False}], 'uses': {'value': None, 'max': '', 'recovery': None, 'consumeOnSuccess': False}, 'effects': [], 'target': {'type': 'any', 'amount': None}, 'name': 'Cybernetics syndrome', 'img': 'modules/cybermancy/assets/icons/domains/circuit/cybernetics-syndrome.webp', 'range': '', 'damage': {'parts': [], 'includeBase': False}, 'roll': {'type': None, 'trait': None, 'difficulty': None, 'bonus': None, 'advState': 'neutral', 'diceRolling': {'multiplier': 'prof', 'flatMultiplier': 1, 'dice': 'd6', 'compare': None, 'treshold': None}, 'useDefault': False}, '_id': 'xPC4LiPHca2MgTaz', 'save': {'trait': None, 'difficulty': None, 'damageMod': 'none'}}}"
Cyberware Malfunction,cyberware-malfunction,circuit,ability,"<i>“Every brain’s got a port — some just need a gentle knock.”</i><p class=""Card-Feature"">Your Digital Awareness can now detect cybernetics within individuals.  <strong>Spend 2 Hope</strong> and make a Spellcasting roll against their Difficulty, to do d10+3 damage</p>",8,2,"{'Cyberware Malfunction': {'type': 'attack', 'systemPath': 'actions', 'description': '<i>“Every brain’s got a port — some just need a gentle knock.”</i><p class=""Card-Feature"">Your Digital Awareness can now detect cybernetics within individuals.  <strong>Spend 2 Hope</strong> and make a Spellcasting roll against their Difficulty, to do d10+3 damage', 'chatDisplay': True, 'actionType': 'action', 'cost': [{'key': 'hope', 'value': 2, 'keyIsID': False, 'scalable': False, 'step': None, 'consumeOnSuccess': False}], 'uses': {'value': None, 'max': '', 'recovery': None, 'consumeOnSuccess': False}, 'effects': [], 'target': {'type': 'any', 'amount': None}, 'name': 'Cyberware Malfunction', 'img': 'modules/cybermancy/assets/icons/domains/circuit/cyberware-malfunction.webp', 'range': '', 'damage': {'parts': [], 'includeBase': False}, 'roll': {'type': None, 'trait': None, 'difficulty': None, 'bonus': None, 'advState': 'neutral', 'diceRolling': {'multiplier': 'prof', 'flatMultiplier': 1, 'dice': 'd6', 'compare': None, 'treshold': None}, 'useDefault': False}, '_id': '3obDgk9ecJlCPueL', 'save': {'trait': None, 'difficulty': None, 'damageMod': 'none'}}}"
Deep fake,deep-fake,circuit,ability,"<i>“The universe called — it wants its encryption key back.”</i><p class=""Card-Feature"">Spend up to 5 Hope to make up something about a character or adversary and (GM descretion) it becomes true.  The more Hope spent, the more outlanding the thing made up can be.</p>",9,1,"{'Deep fake': {'type': 'attack', 'systemPath': 'actions', 'description': '<i>“The universe called — it wants its encryption key back.”</i><p class=""Card-Feature"">Spend up to 5 Hope to make up something about a character or adversary and (GM descretion) it becomes true.  The more Hope spent, the more outlanding the thing made up can be.', 'chatDisplay': True, 'actionType': 'action', 'cost': [{'key': 'hope', 'value': 1, 'keyIsID': False, 'scalable': False, 'step': None, 'consumeOnSuccess': False}], 'uses': {'value': None, 'max': '', 'recovery': None, 'consumeOnSuccess': False}, 'effects': [], 'target': {'type': 'any', 'amount': None}, 'name': 'Deep fake', 'img': 'modules/cybermancy/assets/icons/domains/circuit/deep-fake.webp', 'range': '', 'damage': {'parts': [], 'includeBase': False}, 'roll': {'type': None, 'trait': None, 'difficulty': None, 'bonus': None, 'advState': 'neutral', 'diceRolling': {'multiplier': 'prof', 'flatMultiplier': 1, 'dice': 'd6', 'compare': None, 'treshold': None}, 'useDefault': False}, '_id': 'sBeySaP1Z4JDtaGq', 'save': {'trait': None, 'difficulty': None, 'damageMod': 'none'}}}"
Deep search,deep-search,circuit,ability,"<i>“The Grid whispers, if you know how to listen.”</i><p class=""Card-Feature""><strong>Spend 2 Hope</strong> to know something about an creature.  As the GM up to 3 yes/no questions.</p>",3,0,"{'Deep search': {'type': 'attack', 'systemPath': 'actions', 'description': '<i>“The Grid whispers, if you know how to listen.”</i><p class=""Card-Feature""><strong>Spend 2 Hope</strong> to know something about an creature.  As the GM up to 3 yes/no questions.', 'chatDisplay': True, 'actionType': 'action', 'cost': [{'key': 'hope', 'value': 2, 'keyIsID': False, 'scalable': False, 'step': None, 'consumeOnSuccess': False}], 'uses': {'value': None, 'max': '', 'recovery': None, 'consumeOnSuccess': False}, 'effects': [], 'target': {'type': 'any', 'amount': None}, 'name': 'Deep search', 'img': 'modules/cybermancy/assets/icons/domains/circuit/deep-search.webp', 'range': '', 'damage': {'parts': [], 'includeBase': False}, 'roll': {'type': None, 'trait': None, 'difficulty': None, 'bonus': None, 'advState': 'neutral', 'diceRolling': {'multiplier': 'prof', 'flatMultiplier': 1, 'dice': 'd6', 'compare': None, 'treshold': None}, 'useDefault': False}, '_id': 'CtdHLuesl6hkQ8M9', 'save': {'trait': None, 'difficulty': None, 'damageMod': 'none'}}}"
Digital Recon,digital-recon,circuit,ability,"<i>“Your paranoia finally pays dividends.”</i><p class=""Card-Feature"">Before entering an Environment, make a Spellcasting (Hacking) roll (13), to gain information about the security stance of the target (what Tier levels of ICE are used, how many levels to the security, what System Alert responses are possible, etc.).  On a failure, all Devices in the Enviroment have a Difficulty +1.</p>",4,1,"{'Digital Recon': {'type': 'attack', 'systemPath': 'actions', 'description': '<i>“Your paranoia finally pays dividends.”</i><p class=""Card-Feature"">Before entering an Environment, make a Spellcasting (Hacking) roll (13), to gain information about the security stance of the target (what Tier levels of ICE are used, how many levels to the security, what System Alert responses are possible, etc.).  On a failure, all Devices in the Enviroment have a Difficulty +1.', 'chatDisplay': True, 'actionType': 'action', 'cost': [], 'uses': {'value': None, 'max': '', 'recovery': None, 'consumeOnSuccess': False}, 'effects': [], 'target': {'type': 'any', 'amount': None}, 'name': 'Digital Recon', 'img': 'modules/cybermancy/assets/icons/domains/circuit/digital-recon.webp', 'range': '', 'damage': {'parts': [], 'includeBase': False}, 'roll': {'type': None, 'trait': None, 'difficulty': None, 'bonus': None, 'advState': 'neutral', 'diceRolling': {'multiplier': 'prof', 'flatMultiplier': 1, 'dice': 'd6', 'compare': None, 'treshold': None}, 'useDefault': False}, '_id': '7e6sbesypFbBAmUX', 'save': {'trait': None, 'difficulty': None, 'damageMod': 'none'}}}"
Drone Control,drone-control,maker,ability,"<i>Precision through proxies.</i><p class=""Card-Feature"">As an Action, <strong>Spend 1 Hope</strong> for your <b>Primary Drone</b> to attack at +2.</p>",1,1,"{'Drone Control': {'type': 'attack', 'systemPath': 'actions', 'description': '<i>Precision through proxies.</i><p class=""Card-Feature"">As an Action, <strong>Spend 1 Hope</strong> for your <b>Primary Drone</b> to attack at +2.', 'chatDisplay': True, 'actionType': 'action', 'cost': [{'key': 'hope', 'value': 1, 'keyIsID': False, 'scalable': False, 'step': None, 'consumeOnSuccess': False}], 'uses': {'value': None, 'max': '', 'recovery': None, 'consumeOnSuccess': False}, 'effects': [], 'target': {'type': 'any', 'amount': None}, 'name': 'Drone Control', 'img': 'modules/cybermancy/assets/icons/domains/maker/drone-control.webp', 'range': '', 'damage': {'parts': [], 'includeBase': False}, 'roll': {'type': None, 'trait': None, 'difficulty': None, 'bonus': None, 'advState': 'neutral', 'diceRolling': {'multiplier': 'prof', 'flatMultiplier': 1, 'dice': 'd6', 'compare': None, 'treshold': None}, 'useDefault': False}, '_id': 'eJm7OoyTdkfQjONX', 'save': {'trait': None, 'difficulty': None, 'damageMod': 'none'}}}"
Drone Maneuver,drone-maneuver,maker,ability,"<i>Dodge by remote instinct.</i><p class=""Card-Feature"">As a Reaction, <strong>Mark 1 Stress</strong> to give your <b>Primary Drone</b> +2 Evasion for one attack before results are determined.</p>",1,1,"{'Drone Maneuver': {'type': 'attack', 'systemPath': 'actions', 'description': '<i>Dodge by remote instinct.</i><p class=""Card-Feature"">As a Reaction, <strong>Mark 1 Stress</strong> to give your <b>Primary Drone</b> +2 Evasion for one attack before results are determined.', 'chatDisplay': True, 'actionType': 'reaction', 'cost': [{'key': 'stress', 'value': 1, 'keyIsID': False, 'scalable': False, 'step': None, 'consumeOnSuccess': False}], 'uses': {'value': None, 'max': '', 'recovery': None, 'consumeOnSuccess': False}, 'effects': [], 'target': {'type': 'any', 'amount': None}, 'name': 'Drone Maneuver', 'img': 'modules/cybermancy/assets/icons/domains/maker/drone-maneuver.webp', 'range': '', 'damage': {'parts': [], 'includeBase': False}, 'roll': {'type': None, 'trait': None, 'difficulty': None, 'bonus': None, 'advState': 'neutral', 'diceRolling': {'multiplier': 'prof', 'flatMultiplier': 1, 'dice': 'd6', 'compare': None, 'treshold': None}, 'useDefault': False}, '_id': 'bMrMZsFacDubNxHn', 'save': {'trait': None, 'difficulty': None, 'damageMod': 'none'}}}"
Drone Swarm,drone-swarm,maker,ability,"<i>You are never outnumbered.</i><p class=""Card-Feature"">Once per long rest, place tokens on this card equal to your proficiency level.  As a Reaction, spend 1 token to have one of the following effects to 1 target creatures </p><ol><li>Harass. (-1 all rolls), </li><li>Suppress (-1 evasion), </li><li>Assist (+1 evasion)</li></ol>. Discard all remaining tokens at the end of the Scene.",2,1,"{'Drone Swarm': {'type': 'effect', 'systemPath': 'actions', 'description': '<i>You are never outnumbered.</i><p class=""Card-Feature"">Once per long rest, place tokens on this card equal to your proficiency level.  As a Reaction, spend 1 token to have one of the following effects to 1 target creatures <ol><li>Harass. (-1 all rolls), <li>Suppress (-1 evasion), <li>Assist (+1 evasion)</ol>. Discard all remaining tokens at the end of the Scene.', 'chatDisplay': True, 'actionType': 'passive', 'cost': [], 'uses': {'value': None, 'max': '', 'recovery': None, 'consumeOnSuccess': False}, 'effects': [], 'target': {'type': 'any', 'amount': None}, 'name': 'Drone Swarm', 'img': 'modules/cybermancy/assets/icons/domains/maker/drone-swarm.webp', 'range': '', '_id': '0TteTWN8y7xizvuX'}}"
Elevate Permission,elevate-permission,circuit,ability,"<i>“Because root access is a state of mind.”</i><p class=""Card-Feature""><strong>Spend 1 Hope</strong>to escalate your access level on a Device you are Hacking from Infiltration to Control.</p>",2,0,"{'Elevate Permission': {'type': 'attack', 'systemPath': 'actions', 'description': '<i>“Because root access is a state of mind.”</i><p class=""Card-Feature""><strong>Spend 1 Hope</strong>to escalate your access level on a Device you are Hacking from Infiltration to Control.', 'chatDisplay': True, 'actionType': 'action', 'cost': [{'key': 'hope', 'value': 1, 'keyIsID': False, 'scalable': False, 'step': None, 'consumeOnSuccess': False}], 'uses': {'value': None, 'max': '', 'recovery': None, 'consumeOnSuccess': False}, 'effects': [], 'target': {'type': 'any', 'amount': None}, 'name': 'Elevate Permission', 'img': 'modules/cybermancy/assets/icons/domains/circuit/elevate-permission.webp', 'range': '', 'damage': {'parts': [], 'includeBase': False}, 'roll': {'type': None, 'trait': None, 'difficulty': None, 'bonus': None, 'advState': 'neutral', 'diceRolling': {'multiplier': 'prof', 'flatMultiplier': 1, 'dice': 'd6', 'compare': None, 'treshold': None}, 'useDefault': False}, '_id': '3ThkAh3szyt9GLz6', 'save': {'trait': None, 'difficulty': None, 'damageMod': 'none'}}}"
Engineer Solution,engineer-solution,maker,ability,"<i>Innovation given form.</i><p class=""Card-Feature"">With one day of prep, you can construct nearly any practical device needed (GM discretion).</p>",9,0,"{'Engineer Solution': {'type': 'effect', 'systemPath': 'actions', 'description': '<i>Innovation given form.</i><p class=""Card-Feature"">With one day of prep, you can construct nearly any practical device needed (GM discretion).', 'chatDisplay': True, 'actionType': 'passive', 'cost': [], 'uses': {'value': None, 'max': '', 'recovery': None, 'consumeOnSuccess': False}, 'effects': [], 'target': {'type': 'any', 'amount': None}, 'name': 'Engineer Solution', 'img': 'modules/cybermancy/assets/icons/domains/maker/engineer-solution.webp', 'range': '', '_id': 'K2U5ED4pfqZEwhiW'}}"
Expert Driver,expert-driver,maker,ability,"<i>Speed racer's got nothing on you!</i><p class=""Card-Feature"">All Driving checks are +2.  Each time you are Spotlighted while Driving, you may also take an Attack Action.</p>",3,1,"{'Expert Driver': {'type': 'effect', 'systemPath': 'actions', 'description': '<i>Speed racer\'s got nothing on you!</i><p class=""Card-Feature"">All Driving checks are +2.  Each time you are Spotlighted while Driving, you may also take an Attack Action.', 'chatDisplay': True, 'actionType': 'passive', 'cost': [], 'uses': {'value': None, 'max': '', 'recovery': None, 'consumeOnSuccess': False}, 'effects': [], 'target': {'type': 'any', 'amount': None}, 'name': 'Expert Driver', 'img': 'modules/cybermancy/assets/icons/domains/maker/expert-driver.webp', 'range': '', '_id': '18LKxqTrtaq3uf0J'}}"
Explosive Detonation,explosive-detonation,maker,ability,"<i>Precision demolition by proxy.</i><p class=""Card-Feature"">At the start of the Session, place tokens on this card equal to your proficiency level.  Take an Action to Spend one token to detonate an explosion within Far range. Target takes d8+2 damage; all others within Very Close of the target take d6. <strong>Mark 2 Stress</strong> to refresh this card with tokens</p>",1,2,"{'Explosive Detonation': {'type': 'attack', 'systemPath': 'actions', 'description': '<i>Precision demolition by proxy.</i><p class=""Card-Feature"">At the start of the Session, place tokens on this card equal to your proficiency level.  Take an Action to Spend one token to detonate an explosion within Far range. Target takes d8+2 damage; all others within Very Close of the target take d6. <strong>Mark 2 Stress</strong> to refresh this card with tokens', 'chatDisplay': True, 'actionType': 'action', 'cost': [{'key': 'stress', 'value': 2, 'keyIsID': False, 'scalable': False, 'step': None, 'consumeOnSuccess': False}], 'uses': {'value': None, 'max': '', 'recovery': None, 'consumeOnSuccess': False}, 'effects': [], 'target': {'type': 'any', 'amount': None}, 'name': 'Explosive Detonation', 'img': 'modules/cybermancy/assets/icons/domains/maker/explosive-detonation.webp', 'range': '', 'damage': {'parts': [], 'includeBase': False}, 'roll': {'type': None, 'trait': None, 'difficulty': None, 'bonus': None, 'advState': 'neutral', 'diceRolling': {'multiplier': 'prof', 'flatMultiplier': 1, 'dice': 'd6', 'compare': None, 'treshold': None}, 'useDefault': False}, '_id': 'xJs9vk5AUEHrLQsU', 'save': {'trait': None, 'difficulty': None, 'damageMod': 'none'}}}"
Feedback Spike,feedback-spike,circuit,ability,"<i>“Return to sender.”</i><p class=""Card-Feature"">As a Reaction, <strong>Spend 1 Hope</strong> when taking damage from a digital or ranged source to reflect part of it back — attacker marks 2 Stress.</p>",6,1,"{'Feedback Spike': {'type': 'attack', 'systemPath': 'actions', 'description': '<i>“Return to sender.”</i><p class=""Card-Feature"">As a Reaction, <strong>Spend 1 Hope</strong> when taking damage from a digital or ranged source to reflect part of it back — attacker marks 2 Stress.', 'chatDisplay': True, 'actionType': 'reaction', 'cost': [{'key': 'hope', 'value': 1, 'keyIsID': False, 'scalable': False, 'step': None, 'consumeOnSuccess': False}], 'uses': {'value': None, 'max': '', 'recovery': None, 'consumeOnSuccess': False}, 'effects': [], 'target': {'type': 'any', 'amount': None}, 'name': 'Feedback Spike', 'img': 'modules/cybermancy/assets/icons/domains/circuit/feedback-spike.webp', 'range': '', 'damage': {'parts': [], 'includeBase': False}, 'roll': {'type': None, 'trait': None, 'difficulty': None, 'bonus': None, 'advState': 'neutral', 'diceRolling': {'multiplier': 'prof', 'flatMultiplier': 1, 'dice': 'd6', 'compare': None, 'treshold': None}, 'useDefault': False}, '_id': 'hFgIiaRJKCFEjUMz', 'save': {'trait': None, 'difficulty': None, 'damageMod': 'none'}}}"
Field Experience,field-experience,circuit,ability,"<i>“You’ve seen this circuit before — probably in the wreckage of your last run.”</i><p class=""Card-Feature"">Once per Long Rest, put tokens on this card equal to your Spellcasting (Hacking) to gain one of the following effect: +1 on next Hack action, +1 on Evasion as a Reaction, Gain 1 Hope, Clear 1 Stress</p>",1,1,"{'Field Experience': {'type': 'effect', 'systemPath': 'actions', 'description': '<i>“You’ve seen this circuit before — probably in the wreckage of your last run.”</i><p class=""Card-Feature"">Once per Long Rest, put tokens on this card equal to your Spellcasting (Hacking) to gain one of the following effect: +1 on next Hack action, +1 on Evasion as a Reaction, Gain 1 Hope, Clear 1 Stress', 'chatDisplay': True, 'actionType': 'action', 'cost': [], 'uses': {'value': None, 'max': '', 'recovery': None, 'consumeOnSuccess': False}, 'effects': [], 'target': {'type': 'any', 'amount': None}, 'name': 'Field Experience', 'img': 'modules/cybermancy/assets/icons/domains/circuit/field-experience.webp', 'range': '', '_id': 'pX5n0P6xg7ZFXvPW'}}"
Fixer,fixer,bullet,ability,"<i>The streets remember your name.</i><p class=""Card-Feature"">You have a contact for weapons. Weapon items cost less (GM discretion). Once per session, ask your Fixer information on any topic.</p>",5,0,"{'Fixer': {'type': 'effect', 'systemPath': 'actions', 'description': '<i>The streets remember your name.</i><p class=""Card-Feature"">You have a contact for weapons. Weapon items cost less (GM discretion). Once per session, ask your Fixer information on any topic.', 'chatDisplay': True, 'actionType': 'passive', 'cost': [], 'uses': {'value': None, 'max': '', 'recovery': None, 'consumeOnSuccess': False}, 'effects': [], 'target': {'type': 'any', 'amount': None}, 'name': 'Fixer', 'img': 'modules/cybermancy/assets/icons/domains/bullet/fixer.webp', 'range': '', '_id': 'FgD7xwtBfovU6neZ'}}"
Fixer,fixer,maker,ability,"<i>You know who to call.</i><p class=""Card-Feature"">You have a contact for materials. Non-weapon items cost less (GM discretion). Once per session, ask your Fixer information on any topic.</p>",5,0,"{'Fixer': {'type': 'effect', 'systemPath': 'actions', 'description': '<i>You know who to call.</i><p class=""Card-Feature"">You have a contact for materials. Non-weapon items cost less (GM discretion). Once per session, ask your Fixer information on any topic.', 'chatDisplay': True, 'actionType': 'passive', 'cost': [], 'uses': {'value': None, 'max': '', 'recovery': None, 'consumeOnSuccess': False}, 'effects': [], 'target': {'type': 'any', 'amount': None}, 'name': 'Fixer', 'img': 'modules/cybermancy/assets/icons/domains/maker/fixer.webp', 'range': '', '_id': 'i3YrkJvApvH4BFY4'}}"
Flying Drone,flying-drone,maker,ability,"<i>The sky hums with your genius.</i><p class=""Card-Feature"">Your <b>Primary Drone</b> gains flight, +4 Evasion, and may carry 3 weapons.</p>",5,2,"{'Flying Drone': {'type': 'effect', 'systemPath': 'actions', 'description': '<i>The sky hums with your genius.</i><p class=""Card-Feature"">Your <b>Primary Drone</b> gains flight, +4 Evasion, and may carry 3 weapons.', 'chatDisplay': True, 'actionType': 'passive', 'cost': [], 'uses': {'value': None, 'max': '', 'recovery': None, 'consumeOnSuccess': False}, 'effects': [], 'target': {'type': 'any', 'amount': None}, 'name': 'Flying Drone', 'img': 'modules/cybermancy/assets/icons/domains/maker/flying-drone.webp', 'range': '', '_id': 'Rtl5XdNcczcKJQlS'}}"
Full Automatic,full-automatic,bullet,ability,"<i>Mercy jammed with the trigger.</i><p class=""Card-Feature""><strong>Mark 4 Stress</strong>Attack all targets within Very Far in a 90 degree cone.  Make 1 Attack roll at +2 against the first target, which must be at the left or right side of the cone, and all subsequent target is in the natural order sweeping through the cone.  Subtract 1 from that value for the second target and subtract 1 more for each subsequent target.  (So, 1 roll of the Destiny dice, but the value is applied to all targets, starting at +2 and going down by 1 for each target after the first). Gun is emptied afterward and you must take an Action to reload before you can make another Attack action.</p>",10,2,"{'Full Automatic': {'type': 'attack', 'systemPath': 'actions', 'description': '<i>Mercy jammed with the trigger.</i><p class=""Card-Feature""><strong>Mark 4 Stress</strong>Attack all targets within Very Far in a 90 degree cone.  Make 1 Attack roll at +2 against the first target, which must be at the left or right side of the cone, and all subsequent target is in the natural order sweeping through the cone.  Subtract 1 from that value for the second target and subtract 1 more for each subsequent target.  (So, 1 roll of the Destiny dice, but the value is applied to all targets, starting at +2 and going down by 1 for each target after the first). Gun is emptied afterward and you must take an Action to reload before you can make another Attack action.', 'chatDisplay': True, 'actionType': 'action', 'cost': [{'key': 'stress', 'value': 4, 'keyIsID': False, 'scalable': False, 'step': None, 'consumeOnSuccess': False}], 'uses': {'value': None, 'max': '', 'recovery': None, 'consumeOnSuccess': False}, 'effects': [], 'target': {'type': 'any', 'amount': None}, 'name': 'Full Automatic', 'img': 'modules/cybermancy/assets/icons/domains/bullet/full-automatic.webp', 'range': '', 'damage': {'parts': [], 'includeBase': False}, 'roll': {'type': None, 'trait': None, 'difficulty': None, 'bonus': None, 'advState': 'neutral', 'diceRolling': {'multiplier': 'prof', 'flatMultiplier': 1, 'dice': 'd6', 'compare': None, 'treshold': None}, 'useDefault': False}, '_id': 'uMPsbwJhefUUJkJZ', 'save': {'trait': None, 'difficulty': None, 'damageMod': 'none'}}}"
Getaway Vehicle,getaway-vehicle,maker,ability,"<i>Drive fast, live smarter.</i><p class=""Card-Feature"">You own a vehicle large enough for your team - describe the vehicle on your character sheet. While driving this vehicle, gain +2 to Driving checks. On a critical roll, you may perform a cinematic driving maneuver with your vehicle (GM discretion), and adjust your Chase Die by and additional -1 to +1</p>",3,2,"{'Getaway Vehicle': {'type': 'effect', 'systemPath': 'actions', 'description': '<i>Drive fast, live smarter.</i><p class=""Card-Feature"">You own a vehicle large enough for your team - describe the vehicle on your character sheet. While driving this vehicle, gain +2 to Driving checks. On a critical roll, you may perform a cinematic driving maneuver with your vehicle (GM discretion), and adjust your Chase Die by and additional -1 to +1', 'chatDisplay': True, 'actionType': 'passive', 'cost': [], 'uses': {'value': None, 'max': '', 'recovery': None, 'consumeOnSuccess': False}, 'effects': [], 'target': {'type': 'any', 'amount': None}, 'name': 'Getaway Vehicle', 'img': 'modules/cybermancy/assets/icons/domains/maker/getaway-vehicle.webp', 'range': '', '_id': 'D367T4qIcPhTDXof'}}"
Ghost Protocol,ghost-protocol,circuit,ability,"<i>“Being off the grid never felt so literal.”</i><p class=""Card-Feature""><strong>Spend 1 Hope</strong> to temporarily erase your digital and heat signatures. Until the end of the Scene, you cannot be tracked by sensors or cameras, and Devices or creatures targeting you have a -2 to hit.</p>",5,2,"{'Ghost Protocol': {'type': 'attack', 'systemPath': 'actions', 'description': '<i>“Being off the grid never felt so literal.”</i><p class=""Card-Feature""><strong>Spend 1 Hope</strong> to temporarily erase your digital and heat signatures. Until the end of the Scene, you cannot be tracked by sensors or cameras, and Devices or creatures targeting you have a -2 to hit.', 'chatDisplay': True, 'actionType': 'action', 'cost': [{'key': 'hope', 'value': 1, 'keyIsID': False, 'scalable': False, 'step': None, 'consumeOnSuccess': False}], 'uses': {'value': None, 'max': '', 'recovery': None, 'consumeOnSuccess': False}, 'effects': [], 'target': {'type': 'any', 'amount': None}, 'name': 'Ghost Protocol', 'img': 'modules/cybermancy/assets/icons/domains/circuit/ghost-protocol.webp', 'range': '', 'damage': {'parts': [], 'includeBase': False}, 'roll': {'type': None, 'trait': None, 'difficulty': None, 'bonus': None, 'advState': 'neutral', 'diceRolling': {'multiplier': 'prof', 'flatMultiplier': 1, 'dice': 'd6', 'compare': None, 'treshold': None}, 'useDefault': False}, '_id': '2Xthl11zADHk1wGy', 'save': {'trait': None, 'difficulty': None, 'damageMod': 'none'}}}"
Ghost Signal,ghost-signal,circuit,ability,"<i>“Sometimes your best ally is a flickering echo of bad code.”</i><p class=""Card-Feature"">Target 1 weapon within Far, <strong>Spend 1 Hope</strong> and make a Spellcasting check (12).  On a success, any non-primative weapon malfunctions and requires an action to clear it, and thereafter has a -1 for any Action using it.</p>",2,1,"{'Ghost Signal': {'type': 'attack', 'systemPath': 'actions', 'description': '<i>“Sometimes your best ally is a flickering echo of bad code.”</i><p class=""Card-Feature"">Target 1 weapon within Far, <strong>Spend 1 Hope</strong> and make a Spellcasting check (12).  On a success, any non-primative weapon malfunctions and requires an action to clear it, and thereafter has a -1 for any Action using it.', 'chatDisplay': True, 'actionType': 'action', 'cost': [{'key': 'hope', 'value': 1, 'keyIsID': False, 'scalable': False, 'step': None, 'consumeOnSuccess': False}], 'uses': {'value': None, 'max': '', 'recovery': None, 'consumeOnSuccess': False}, 'effects': [], 'target': {'type': 'any', 'amount': None}, 'name': 'Ghost Signal', 'img': 'modules/cybermancy/assets/icons/domains/circuit/ghost-signal.webp', 'range': '', 'damage': {'parts': [], 'includeBase': False}, 'roll': {'type': None, 'trait': None, 'difficulty': None, 'bonus': None, 'advState': 'neutral', 'diceRolling': {'multiplier': 'prof', 'flatMultiplier': 1, 'dice': 'd6', 'compare': None, 'treshold': None}, 'useDefault': False}, '_id': 'J6FlFdwp9oON2EuX', 'save': {'trait': None, 'difficulty': None, 'damageMod': 'none'}}}"
Good Maintenance,good-maintenance,maker,ability,"<i>A well-oiled machine never quits.</i><p class=""Card-Feature"">Your weapons and <b>Primary Drone</b> cannot malfunction except through magical effects.</p>",6,1,"{'Good Maintenance': {'type': 'effect', 'systemPath': 'actions', 'description': '<i>A well-oiled machine never quits.</i><p class=""Card-Feature"">Your weapons and <b>Primary Drone</b> cannot malfunction except through magical effects.', 'chatDisplay': True, 'actionType': 'passive', 'cost': [], 'uses': {'value': None, 'max': '', 'recovery': None, 'consumeOnSuccess': False}, 'effects': [], 'target': {'type': 'any', 'amount': None}, 'name': 'Good Maintenance', 'img': 'modules/cybermancy/assets/icons/domains/maker/good-maintenance.webp', 'range': '', '_id': 'cZKHCyNQRt1iWCcc'}}"
Gun Trainer,gun-trainer,bullet,ability,"<p><em>You teach death politely.</em></p><p class=""Card-Feature"">As a downtime action you train each of your allies to better use their guns. Give each ally a <strong>Bullet die</strong> appropriate to your Tier (Tier 1: d4, Tier 2: d6, Tier 3: d8, Tier 4:d10). They may use this <strong>Bullet die</strong> in the same way as your Class or Subclass</p>",1,2,"{'Gun Trainer': {'type': 'effect', 'systemPath': 'actions', 'description': '<i>You teach death politely.</i><p class=""Card-Feature"">As a downtime action you train each of your allies to better use their guns.  Give each ally a <b>Bullet die</b> appropriate to your Tier (Tier 1: d4, Tier 2: d6, Tier 3: d8, Tier 4:d10).  They may use this <b>Bullet die</b> in the same way as your Class or Subclass', 'chatDisplay': True, 'actionType': 'passive', 'cost': [], 'uses': {'value': None, 'max': '', 'recovery': None, 'consumeOnSuccess': False}, 'effects': [], 'target': {'type': 'any', 'amount': None}, 'name': 'Gun Trainer', 'img': 'modules/cybermancy/assets/icons/domains/bullet/gun-trainer.webp', 'range': '', '_id': 'GErrc3LJXoclSTrj'}, 'GErrc3LJXoclSTrj': {'type': 'effect', 'systemPath': 'actions', 'description': '<i>You teach death politely.</i><p class=""Card-Feature"">As a downtime action you train each of your allies to better use their guns.  Give each ally a <b>Bullet die</b> appropriate to your Tier (Tier 1: d4, Tier 2: d6, Tier 3: d8, Tier 4:d10).  They may use this <b>Bullet die</b> in the same way as your Class or Subclass', 'chatDisplay': True, 'actionType': 'passive', 'cost': [], 'uses': {'value': None, 'max': '', 'recovery': None, 'consumeOnSuccess': False}, 'effects': [{'_id': 'SAKo8otXpbMBPXpW', 'onSave': False}], 'target': {'type': 'any', 'amount': None}, 'name': 'Gun Trainer', 'img': 'modules/cybermancy/assets/icons/domains/bullet/gun-trainer.webp', 'range': '', '_id': 'GErrc3LJXoclSTrj'}}"
Gunsmith,gunsmith,bullet,ability,"<i>Your tools are extensions of your will.</i><p class=""Card-Feature"">Gain +1 mod slot for each firearm you own.</p>",5,1,"{'Gunsmith': {'type': 'effect', 'systemPath': 'actions', 'description': '<i>Your tools are extensions of your will.</i><p class=""Card-Feature"">Gain +1 mod slot for each firearm you own.', 'chatDisplay': True, 'actionType': 'passive', 'cost': [], 'uses': {'value': None, 'max': '', 'recovery': None, 'consumeOnSuccess': False}, 'effects': [], 'target': {'type': 'any', 'amount': None}, 'name': 'Gunsmith', 'img': 'modules/cybermancy/assets/icons/domains/bullet/gunsmith.webp', 'range': '', '_id': 'pmC74DJb3cKfvhJu'}}"
Improvise Equipment,improvise-equipment,maker,ability,"<i>If you can imagine it, you can build it.</i><p class=""Card-Feature"">Once per rest, <strong>Mark 2 Stress</strong> to create a device you need. Describe construction and function (GM discretion).</p>",4,1,"{'Improvise Equipment': {'type': 'effect', 'systemPath': 'actions', 'description': '<i>If you can imagine it, you can build it.</i><p class=""Card-Feature"">Once per rest, <strong>Mark 2 Stress</strong> to create a device you need. Describe construction and function (GM discretion).', 'chatDisplay': True, 'actionType': 'passive', 'cost': [{'key': 'stress', 'value': 2, 'keyIsID': False, 'scalable': False, 'step': None, 'consumeOnSuccess': False}], 'uses': {'value': None, 'max': '', 'recovery': None, 'consumeOnSuccess': False}, 'effects': [], 'target': {'type': 'any', 'amount': None}, 'name': 'Improvise Equipment', 'img': 'modules/cybermancy/assets/icons/domains/maker/improvise-equipment.webp', 'range': '', '_id': 'do8OA3X4teukqW6k'}}"
Improvised Mod,improvised-mod,maker,ability,"<i>Improvise, adapt, overclock.</i><p class=""Card-Feature"">Once per long rest, <strong>Spend 2 Hope</strong> to add a temporary extra mod to your <b>Primary Drone</b> for the current scene.  At the end of the Scene, remove 1 mod.</p>",3,2,"{'Improvised Mod': {'type': 'attack', 'systemPath': 'actions', 'description': '<i>Improvise, adapt, overclock.</i><p class=""Card-Feature"">Once per long rest, <strong>Spend 2 Hope</strong> to add a temporary extra mod to your <b>Primary Drone</b> for the current scene.  At the end of the Scene, remove 1 mod.', 'chatDisplay': True, 'actionType': 'action', 'cost': [{'key': 'hope', 'value': 2, 'keyIsID': False, 'scalable': False, 'step': None, 'consumeOnSuccess': False}], 'uses': {'value': None, 'max': '', 'recovery': None, 'consumeOnSuccess': False}, 'effects': [], 'target': {'type': 'any', 'amount': None}, 'name': 'Improvised Mod', 'img': 'modules/cybermancy/assets/icons/domains/maker/improvised-mod.webp', 'range': '', 'damage': {'parts': [], 'includeBase': False}, 'roll': {'type': None, 'trait': None, 'difficulty': None, 'bonus': None, 'advState': 'neutral', 'diceRolling': {'multiplier': 'prof', 'flatMultiplier': 1, 'dice': 'd6', 'compare': None, 'treshold': None}, 'useDefault': False}, '_id': '6AyXzGNMuUHdoyhx', 'save': {'trait': None, 'difficulty': None, 'damageMod': 'none'}}}"
Improvised Weapon,improvised-weapon,bullet,ability,"<i>The world is your arsenal.</i><p class=""Card-Feature""><strong>Mark 2 Stress</strong> spend at least 1 minute to create a d6 melee weapon.</p>",5,1,"{'Improvised Weapon': {'type': 'attack', 'systemPath': 'actions', 'description': '<i>The world is your arsenal.</i><p class=""Card-Feature""><strong>Mark 2 Stress</strong> spend at least 1 minute to create a d6 melee weapon.', 'chatDisplay': True, 'actionType': 'action', 'cost': [{'key': 'stress', 'value': 2, 'keyIsID': False, 'scalable': False, 'step': None, 'consumeOnSuccess': False}], 'uses': {'value': None, 'max': '', 'recovery': None, 'consumeOnSuccess': False}, 'effects': [], 'target': {'type': 'any', 'amount': None}, 'name': 'Improvised Weapon', 'img': 'modules/cybermancy/assets/icons/domains/bullet/improvised-weapon.webp', 'range': '', 'damage': {'parts': [], 'includeBase': False}, 'roll': {'type': None, 'trait': None, 'difficulty': None, 'bonus': None, 'advState': 'neutral', 'diceRolling': {'multiplier': 'prof', 'flatMultiplier': 1, 'dice': 'd6', 'compare': None, 'treshold': None}, 'useDefault': False}, '_id': 'MSfUOx4ThsXPMDAA', 'save': {'trait': None, 'difficulty': None, 'damageMod': 'none'}}}"
Intimidation,intimidation,bullet,ability,"<i>Fear is the first bullet.</i><p class=""Card-Feature"">With a visible gun, make Presence rolls at  +d4.  Once per Scene, <strong>Spend 1 Hope</strong> to re-roll a Presence roll.</p>",6,1,"{'Intimidation': {'type': 'attack', 'systemPath': 'actions', 'description': '<i>Fear is the first bullet.</i><p class=""Card-Feature"">With a visible gun, make Presence rolls at  +d4.  Once per Scene, <strong>Spend 1 Hope</strong> to re-roll a Presence roll.', 'chatDisplay': True, 'actionType': 'action', 'cost': [{'key': 'hope', 'value': 1, 'keyIsID': False, 'scalable': False, 'step': None, 'consumeOnSuccess': False}], 'uses': {'value': None, 'max': '', 'recovery': None, 'consumeOnSuccess': False}, 'effects': [], 'target': {'type': 'any', 'amount': None}, 'name': 'Intimidation', 'img': 'modules/cybermancy/assets/icons/domains/bullet/intimidation.webp', 'range': '', 'damage': {'parts': [], 'includeBase': False}, 'roll': {'type': None, 'trait': None, 'difficulty': None, 'bonus': None, 'advState': 'neutral', 'diceRolling': {'multiplier': 'prof', 'flatMultiplier': 1, 'dice': 'd6', 'compare': None, 'treshold': None}, 'useDefault': False}, '_id': 'B8Fp5JR1PQ34V2P8', 'save': {'trait': None, 'difficulty': None, 'damageMod': 'none'}}}"
Knee Slide,knee-slide,bullet,ability,"<i>The floor is your runway.</i><p class=""Card-Feature""><strong>Spend 3 Hope</strong> to move up to Far in a straight line; Attack all creatures passed. Gun is emptied afterward and you must take an Action to reload before you can make another Attack action.</p>",4,1,"{'Knee Slide': {'type': 'attack', 'systemPath': 'actions', 'description': '<i>The floor is your runway.</i><p class=""Card-Feature""><strong>Spend 3 Hope</strong> to move up to Far in a straight line; Attack all creatures passed. Gun is emptied afterward and you must take an Action to reload before you can make another Attack action.', 'chatDisplay': True, 'actionType': 'action', 'cost': [{'key': 'hope', 'value': 3, 'keyIsID': False, 'scalable': False, 'step': None, 'consumeOnSuccess': False}], 'uses': {'value': None, 'max': '', 'recovery': None, 'consumeOnSuccess': False}, 'effects': [], 'target': {'type': 'any', 'amount': None}, 'name': 'Knee Slide', 'img': 'modules/cybermancy/assets/icons/domains/bullet/knee-slide.webp', 'range': '', 'damage': {'parts': [], 'includeBase': False}, 'roll': {'type': None, 'trait': None, 'difficulty': None, 'bonus': None, 'advState': 'neutral', 'diceRolling': {'multiplier': 'prof', 'flatMultiplier': 1, 'dice': 'd6', 'compare': None, 'treshold': None}, 'useDefault': False}, '_id': '0jTFt3eg0akzknD7', 'save': {'trait': None, 'difficulty': None, 'damageMod': 'none'}}}"
Maker,maker,,,,,,
Marksman,marksman,bullet,ability,"<i>One bullet, one breath.</i><p class=""Card-Feature""><strong>Spend 1 Hope</strong> to attack with advantage and deal +d4 damage.</p>",1,1,"{'Marksman': {'type': 'attack', 'systemPath': 'actions', 'description': '<i>One bullet, one breath.</i><p class=""Card-Feature""><strong>Spend 1 Hope</strong> to attack with advantage and deal +d4 damage.', 'chatDisplay': True, 'actionType': 'action', 'cost': [{'key': 'hope', 'value': 1, 'keyIsID': False, 'scalable': False, 'step': None, 'consumeOnSuccess': False}], 'uses': {'value': None, 'max': '', 'recovery': None, 'consumeOnSuccess': False}, 'effects': [], 'target': {'type': 'any', 'amount': None}, 'name': 'Marksman', 'img': 'modules/cybermancy/assets/icons/domains/bullet/marksman.webp', 'range': '', 'damage': {'parts': [], 'includeBase': False}, 'roll': {'type': None, 'trait': None, 'difficulty': None, 'bonus': None, 'advState': 'neutral', 'diceRolling': {'multiplier': 'prof', 'flatMultiplier': 1, 'dice': 'd6', 'compare': None, 'treshold': None}, 'useDefault': False}, '_id': 'epToY831dFrTJewq', 'save': {'trait': None, 'difficulty': None, 'damageMod': 'none'}}}"
Matrix mind,matrix-mind,circuit,ability,"<i>""It's full of stars… !""</i><p class=""Card-Feature"">When 4 or more domain cards in your loadout  are from Circuit, gain the following effects: +1 to your Spellcasting (Hacking) rolls, once per rest you can switch the result of your Hope and Fear dice</p>",7,2,"{'Matrix mind': {'type': 'effect', 'systemPath': 'actions', 'description': '<i>""It\'s full of stars… !""</i><p class=""Card-Feature"">When 4 or more domain cards in your loadout  are from Circuit, gain the following effects: +1 to your Spellcasting (Hacking) rolls, once per rest you can switch the result of your Hope and Fear dice', 'chatDisplay': True, 'actionType': 'passive', 'cost': [], 'uses': {'value': None, 'max': '', 'recovery': None, 'consumeOnSuccess': False}, 'effects': [], 'target': {'type': 'any', 'amount': None}, 'name': 'Matrix mind', 'img': 'modules/cybermancy/assets/icons/domains/circuit/matrix-mind.webp', 'range': '', '_id': 'gymf7oJ88I3xLUNs'}}"
Multitalented,multitalented,maker,ability,"<i>Expertise knows no boundaries.</i><p class=""Card-Feature"">You may add one Domain card from Circuit, Codex, or Bullet to your loadout of Level 4 or less.</p>",6,1,"{'Multitalented': {'type': 'effect', 'systemPath': 'actions', 'description': '<i>Expertise knows no boundaries.</i><p class=""Card-Feature"">You may add one Domain card from Circuit, Codex, or Bullet to your loadout of Level 4 or less.', 'chatDisplay': True, 'actionType': 'passive', 'cost': [], 'uses': {'value': None, 'max': '', 'recovery': None, 'consumeOnSuccess': False}, 'effects': [], 'target': {'type': 'any', 'amount': None}, 'name': 'Multitalented', 'img': 'modules/cybermancy/assets/icons/domains/maker/multitalented.webp', 'range': '', '_id': '34KrSJDffzq77Fs6'}}"
Neural Sync,neural-sync,circuit,ability,"<i>“Two heads, one neural network.”</i><p class=""Card-Feature""><strong>Spend 1 Hope</strong> to instantly share sensory data with one ally within Far range. You both gain +1 to rolls using shared perception for one Scene.</p>",3,0,"{'Neural Sync': {'type': 'attack', 'systemPath': 'actions', 'description': '<i>“Two heads, one neural network.”</i><p class=""Card-Feature""><strong>Spend 1 Hope</strong> to instantly share sensory data with one ally within Far range. You both gain +1 to rolls using shared perception for one Scene.', 'chatDisplay': True, 'actionType': 'action', 'cost': [{'key': 'hope', 'value': 1, 'keyIsID': False, 'scalable': False, 'step': None, 'consumeOnSuccess': False}], 'uses': {'value': None, 'max': '', 'recovery': None, 'consumeOnSuccess': False}, 'effects': [], 'target': {'type': 'any', 'amount': None}, 'name': 'Neural Sync', 'img': 'modules/cybermancy/assets/icons/domains/circuit/neural-sync.webp', 'range': '', 'damage': {'parts': [], 'includeBase': False}, 'roll': {'type': None, 'trait': None, 'difficulty': None, 'bonus': None, 'advState': 'neutral', 'diceRolling': {'multiplier': 'prof', 'flatMultiplier': 1, 'dice': 'd6', 'compare': None, 'treshold': None}, 'useDefault': False}, '_id': 'vwSFiMyevNQosCnS', 'save': {'trait': None, 'difficulty': None, 'damageMod': 'none'}}}"
Overload,overload,circuit,ability,"<i>“Push it past the redline — what’s the worst that could happen?”</i><p class=""Card-Feature"">Make a Spellcasting roll (15) to make a device you Control explode causing all Adversaries within Very Close of the Device to take 2d6 damage, and all within Close take 1d6</p>",3,2,"{'Overload': {'type': 'attack', 'systemPath': 'actions', 'description': '<i>“Push it past the redline — what’s the worst that could happen?”</i><p class=""Card-Feature"">Make a Spellcasting roll (15) to make a device you Control explode causing all Adversaries within Very Close of the Device to take 2d6 damage, and all within Close take 1d6', 'chatDisplay': True, 'actionType': 'action', 'cost': [], 'uses': {'value': None, 'max': '', 'recovery': None, 'consumeOnSuccess': False}, 'effects': [], 'target': {'type': 'any', 'amount': None}, 'name': 'Overload', 'img': 'modules/cybermancy/assets/icons/domains/circuit/overload.webp', 'range': '', 'damage': {'parts': [], 'includeBase': False}, 'roll': {'type': None, 'trait': None, 'difficulty': None, 'bonus': None, 'advState': 'neutral', 'diceRolling': {'multiplier': 'prof', 'flatMultiplier': 1, 'dice': 'd6', 'compare': None, 'treshold': None}, 'useDefault': False}, '_id': 'f9lXTTDZu0vzo6aB', 'save': {'trait': None, 'difficulty': None, 'damageMod': 'none'}}}"
Patch Job,patch-job,maker,ability,"<i>Duct tape, hope, and brilliance.</i><p class=""Card-Feature"">Once per rest, <strong>Mark 1 Stress</strong> to restore 2 HP to your <b>Primary Drone</b>.</p>",1,0,"{'Patch Job': {'type': 'effect', 'systemPath': 'actions', 'description': '<i>Duct tape, hope, and brilliance.</i><p class=""Card-Feature"">Once per rest, <strong>Mark 1 Stress</strong> to restore 2 HP to your <b>Primary Drone</b>.', 'chatDisplay': True, 'actionType': 'action', 'cost': [{'key': 'stress', 'value': 1, 'keyIsID': False, 'scalable': False, 'step': None, 'consumeOnSuccess': False}], 'uses': {'value': None, 'max': '', 'recovery': None, 'consumeOnSuccess': False}, 'effects': [], 'target': {'type': 'any', 'amount': None}, 'name': 'Patch Job', 'img': 'modules/cybermancy/assets/icons/domains/maker/patch-job.webp', 'range': '', '_id': 'SDKwK5uyc2fR5bNK'}}"
Patience Young Padawan,patience-young-padawan,circuit,ability,"<i>“Turns out, rushing a hack only impresses the ICE.”</i><p class=""Card-Feature"">If you take at least 1 minute to study a device before attempting to hack it, gain advantage on your next Spellcasting (Hacking) roll against that system this scene.</p>",1,0,"{'Patience Young Padawan': {'type': 'effect', 'systemPath': 'actions', 'description': '<i>“Turns out, rushing a hack only impresses the ICE.”</i><p class=""Card-Feature"">If you take at least 1 minute to study a device before attempting to hack it, gain advantage on your next Spellcasting (Hacking) roll against that system this scene.', 'chatDisplay': True, 'actionType': 'action', 'cost': [], 'uses': {'value': None, 'max': '', 'recovery': None, 'consumeOnSuccess': False}, 'effects': [], 'target': {'type': 'any', 'amount': None}, 'name': 'Patience Young Padawan', 'img': 'modules/cybermancy/assets/icons/domains/circuit/patience-young-padawan.webp', 'range': '', '_id': 'b3PNCY3PzcdN4fga'}}"
Pistol Whip,pistol-whip,bullet,ability,"<i>Sometimes subtlety isn’t loaded.</i><p class=""Card-Feature"">Make an Attack at Melee range with your gun at +2, then move to Close</p>",2,0,"{'Pistol Whip': {'type': 'attack', 'systemPath': 'actions', 'description': '<i>Sometimes subtlety isn’t loaded.</i><p class=""Card-Feature"">Make an Attack at Melee range with your gun at +2, then move to Close', 'chatDisplay': True, 'actionType': 'action', 'cost': [], 'uses': {'value': None, 'max': '', 'recovery': None, 'consumeOnSuccess': False}, 'effects': [], 'target': {'type': 'any', 'amount': None}, 'name': 'Pistol Whip', 'img': 'modules/cybermancy/assets/icons/domains/bullet/pistol-whip.webp', 'range': '', 'damage': {'parts': [], 'includeBase': False}, 'roll': {'type': None, 'trait': None, 'difficulty': None, 'bonus': None, 'advState': 'neutral', 'diceRolling': {'multiplier': 'prof', 'flatMultiplier': 1, 'dice': 'd6', 'compare': None, 'treshold': None}, 'useDefault': False}, '_id': 'jVItHdtviwOkCxyy', 'save': {'trait': None, 'difficulty': None, 'damageMod': 'none'}}}"
Plant Tracker,plant-tracker,maker,ability,"<i>They can run, but they can’t hide.</i><p class=""Card-Feature""><strong>Mark 2 Stress</strong> to plant a tracker on a creature or device within Very Close. Roll Finesse vs target’s difficulty to avoid detection.</p>",3,1,"{'Plant Tracker': {'type': 'effect', 'systemPath': 'actions', 'description': '<i>They can run, but they can’t hide.</i><p class=""Card-Feature""><strong>Mark 2 Stress</strong> to plant a tracker on a creature or device within Very Close. Roll Finesse vs target’s difficulty to avoid detection.', 'chatDisplay': True, 'actionType': 'passive', 'cost': [{'key': 'stress', 'value': 2, 'keyIsID': False, 'scalable': False, 'step': None, 'consumeOnSuccess': False}], 'uses': {'value': None, 'max': '', 'recovery': None, 'consumeOnSuccess': False}, 'effects': [], 'target': {'type': 'any', 'amount': None}, 'name': 'Plant Tracker', 'img': 'modules/cybermancy/assets/icons/domains/maker/plant-tracker.webp', 'range': '', '_id': '58NyK2EuTnARhIOb'}}"
Power Boost,power-boost,maker,ability,"<i>Overclocked aggression.</i><p class=""Card-Feature"">As an Action, <strong>Spend 1 Hope</strong> for your <b>Primary Drone</b> to attack with advantage; add dH extra damage on success depending on your Tier (1:d4, 2:d6, 3:d8, 4:d10)</p>",4,1,"{'Power Boost': {'type': 'attack', 'systemPath': 'actions', 'description': '<i>Overclocked aggression.</i><p class=""Card-Feature"">As an Action, <strong>Spend 1 Hope</strong> for your <b>Primary Drone</b> to attack with advantage; add dH extra damage on success depending on your Tier (1:d4, 2:d6, 3:d8, 4:d10)', 'chatDisplay': True, 'actionType': 'action', 'cost': [{'key': 'hope', 'value': 1, 'keyIsID': False, 'scalable': False, 'step': None, 'consumeOnSuccess': False}], 'uses': {'value': None, 'max': '', 'recovery': None, 'consumeOnSuccess': False}, 'effects': [], 'target': {'type': 'any', 'amount': None}, 'name': 'Power Boost', 'img': 'modules/cybermancy/assets/icons/domains/maker/power-boost.webp', 'range': '', 'damage': {'parts': [], 'includeBase': False}, 'roll': {'type': None, 'trait': None, 'difficulty': None, 'bonus': None, 'advState': 'neutral', 'diceRolling': {'multiplier': 'prof', 'flatMultiplier': 1, 'dice': 'd6', 'compare': None, 'treshold': None}, 'useDefault': False}, '_id': 'MxSGMM56xLy2QWqL', 'save': {'trait': None, 'difficulty': None, 'damageMod': 'none'}}}"
Project Manager,project-manager,maker,ability,"<i>Leadership through logistics.</i><p class=""Card-Feature"">Once per rest, <strong>Spend 1 Hope</strong> before a Group Action to grant +2 to the roll.</p>",3,0,"{'Project Manager': {'type': 'effect', 'systemPath': 'actions', 'description': '<i>Leadership through logistics.</i><p class=""Card-Feature"">Once per rest, <strong>Spend 1 Hope</strong> before a Group Action to grant +2 to the roll.', 'chatDisplay': True, 'actionType': 'passive', 'cost': [{'key': 'hope', 'value': 1, 'keyIsID': False, 'scalable': False, 'step': None, 'consumeOnSuccess': False}], 'uses': {'value': None, 'max': '', 'recovery': None, 'consumeOnSuccess': False}, 'effects': [], 'target': {'type': 'any', 'amount': None}, 'name': 'Project Manager', 'img': 'modules/cybermancy/assets/icons/domains/maker/project-manager.webp', 'range': '', '_id': 'Iej1SOIAtSNaUmOR'}}"
Quick Change,quick-change,maker,ability,"<i>The right tool for the wrong moment.</i><p class=""Card-Feature"">Once per Scene, <strong>Mark 1 Stress</strong> to replace one module on your <b>Primary Drone</b> instantly.</p>",4,2,"{'Quick Change': {'type': 'effect', 'systemPath': 'actions', 'description': '<i>The right tool for the wrong moment.</i><p class=""Card-Feature"">Once per Scene, <strong>Mark 1 Stress</strong> to replace one module on your <b>Primary Drone</b> instantly.', 'chatDisplay': True, 'actionType': 'passive', 'cost': [{'key': 'stress', 'value': 1, 'keyIsID': False, 'scalable': False, 'step': None, 'consumeOnSuccess': False}], 'uses': {'value': None, 'max': '', 'recovery': None, 'consumeOnSuccess': False}, 'effects': [], 'target': {'type': 'any', 'amount': None}, 'name': 'Quick Change', 'img': 'modules/cybermancy/assets/icons/domains/maker/quick-change.webp', 'range': '', '_id': 'zj1aHmQHX4GUULSY'}}"
Quick Hack,quick-hack,circuit,ability,"<i>“For when you don’t have time to be subtle… or alive.”</i><p class=""Card-Feature"">Once per Scene, when you trigger an ICE countermeasure or trace feature, you can <strong>Mark 1 Stress</strong> to use your Reaction against the Device difficulty to avoid the effect, or <strong>Mark 2 Stress</strong> to avoid it without a roll.</p>",1,1,"{'Quick Hack': {'type': 'attack', 'systemPath': 'actions', 'description': '<i>“For when you don’t have time to be subtle… or alive.”</i><p class=""Card-Feature"">Once per Scene, when you trigger an ICE countermeasure or trace feature, you can <strong>Mark 1 Stress</strong> to use your Reaction against the Device difficulty to avoid the effect, or <strong>Mark 2 Stress</strong> to avoid it without a roll.', 'chatDisplay': True, 'actionType': 'action', 'cost': [{'key': 'stress', 'value': 1, 'keyIsID': False, 'scalable': False, 'step': None, 'consumeOnSuccess': False}], 'uses': {'value': None, 'max': '', 'recovery': None, 'consumeOnSuccess': False}, 'effects': [], 'target': {'type': 'any', 'amount': None}, 'name': 'Quick Hack', 'img': 'modules/cybermancy/assets/icons/domains/circuit/quick-hack.webp', 'range': '', 'damage': {'parts': [], 'includeBase': False}, 'roll': {'type': None, 'trait': None, 'difficulty': None, 'bonus': None, 'advState': 'neutral', 'diceRolling': {'multiplier': 'prof', 'flatMultiplier': 1, 'dice': 'd6', 'compare': None, 'treshold': None}, 'useDefault': False}, '_id': 'unT0MGfX0ch5Gizk', 'save': {'trait': None, 'difficulty': None, 'damageMod': 'none'}}}"
Quick Reload,quick-reload,bullet,ability,"<i>Reloading is for amateurs.</i><p class=""Card-Feature"">Swap ammunition types without spending an action.</p>",1,1,"{'Quick Reload': {'type': 'effect', 'systemPath': 'actions', 'description': '<i>Reloading is for amateurs.</i><p class=""Card-Feature"">Swap ammunition types without spending an action.', 'chatDisplay': True, 'actionType': 'passive', 'cost': [], 'uses': {'value': None, 'max': '', 'recovery': None, 'consumeOnSuccess': False}, 'effects': [], 'target': {'type': 'any', 'amount': None}, 'name': 'Quick Reload', 'img': 'modules/cybermancy/assets/icons/domains/bullet/quick-reload.webp', 'range': '', '_id': 'GQQztwpzV1LCJHRK'}}"
Quick Shot,quick-shot,bullet,ability,"<i>Two shots, one heartbeat.</i><p class=""Card-Feature"">After a successful attack on a target, <strong>Spend 1 Hope</strong> to apply the damage to a second target within Very Close range.</p>",2,1,"{'Quick Shot': {'type': 'attack', 'systemPath': 'actions', 'description': '<i>Two shots, one heartbeat.</i><p class=""Card-Feature"">After a successful attack on a target, <strong>Spend 1 Hope</strong> to apply the damage to a second target within Very Close range.', 'chatDisplay': True, 'actionType': 'action', 'cost': [{'key': 'hope', 'value': 1, 'keyIsID': False, 'scalable': False, 'step': None, 'consumeOnSuccess': False}], 'uses': {'value': None, 'max': '', 'recovery': None, 'consumeOnSuccess': False}, 'effects': [], 'target': {'type': 'any', 'amount': None}, 'name': 'Quick Shot', 'img': 'modules/cybermancy/assets/icons/domains/bullet/quick-shot.webp', 'range': '', 'damage': {'parts': [], 'includeBase': False}, 'roll': {'type': None, 'trait': None, 'difficulty': None, 'bonus': None, 'advState': 'neutral', 'diceRolling': {'multiplier': 'prof', 'flatMultiplier': 1, 'dice': 'd6', 'compare': None, 'treshold': None}, 'useDefault': False}, '_id': '7kwtqCiAIIojOKXb', 'save': {'trait': None, 'difficulty': None, 'damageMod': 'none'}}}"
Rapid Fire,rapid-fire,bullet,ability,"<i>The sound of inevitability.</i><p class=""Card-Feature"">Each time you make an Attack with a gun, you may attack 2 different targets within Close of eachother.  Each shot is at -2</p>",2,1,"{'Rapid Fire': {'type': 'effect', 'systemPath': 'actions', 'description': '<i>The sound of inevitability.</i><p class=""Card-Feature"">Each time you make an Attack with a gun, you may attack 2 different targets within Close of eachother.  Each shot is at -2', 'chatDisplay': True, 'actionType': 'passive', 'cost': [], 'uses': {'value': None, 'max': '', 'recovery': None, 'consumeOnSuccess': False}, 'effects': [], 'target': {'type': 'any', 'amount': None}, 'name': 'Rapid Fire', 'img': 'modules/cybermancy/assets/icons/domains/bullet/rapid-fire.webp', 'range': '', '_id': 'kfBt6loq9oggG5Tb'}}"
Reality Patch,reality-patch,circuit,ability,"<i>“If you can code it, you can unbreak it.”</i><p class=""Card-Feature""><strong>Spend 1 Hope</strong> to temporarily stabilize or rewrite corrupted digital space. Remove one ongoing Environment Digital effect.</p>",8,1,"{'Reality Patch': {'type': 'attack', 'systemPath': 'actions', 'description': '<i>“If you can code it, you can unbreak it.”</i><p class=""Card-Feature""><strong>Spend 1 Hope</strong> to temporarily stabilize or rewrite corrupted digital space. Remove one ongoing Environment Digital effect.', 'chatDisplay': True, 'actionType': 'action', 'cost': [{'key': 'hope', 'value': 1, 'keyIsID': False, 'scalable': False, 'step': None, 'consumeOnSuccess': False}], 'uses': {'value': None, 'max': '', 'recovery': None, 'consumeOnSuccess': False}, 'effects': [], 'target': {'type': 'any', 'amount': None}, 'name': 'Reality Patch', 'img': 'modules/cybermancy/assets/icons/domains/circuit/reality-patch.webp', 'range': '', 'damage': {'parts': [], 'includeBase': False}, 'roll': {'type': None, 'trait': None, 'difficulty': None, 'bonus': None, 'advState': 'neutral', 'diceRolling': {'multiplier': 'prof', 'flatMultiplier': 1, 'dice': 'd6', 'compare': None, 'treshold': None}, 'useDefault': False}, '_id': 'Dq5K5pCPkBJQQJXD', 'save': {'trait': None, 'difficulty': None, 'damageMod': 'none'}}}"
Ricochet,ricochet,bullet,ability,"<i>Bullets obey geometry, not walls.</i><p class=""Card-Feature""><strong>Spend 1 Hope</strong> to Attack at -2 a target with the Hidden condition by virtue of being behind cover.</p>",3,1,"{'Ricochet': {'type': 'attack', 'systemPath': 'actions', 'description': '<i>Bullets obey geometry, not walls.</i><p class=""Card-Feature""><strong>Spend 1 Hope</strong> to Attack at -2 a target with the Hidden condition by virtue of being behind cover.', 'chatDisplay': True, 'actionType': 'action', 'cost': [{'key': 'hope', 'value': 1, 'keyIsID': False, 'scalable': False, 'step': None, 'consumeOnSuccess': False}], 'uses': {'value': None, 'max': '', 'recovery': None, 'consumeOnSuccess': False}, 'effects': [], 'target': {'type': 'any', 'amount': None}, 'name': 'Ricochet', 'img': 'modules/cybermancy/assets/icons/domains/bullet/ricochet.webp', 'range': '', 'damage': {'parts': [], 'includeBase': False}, 'roll': {'type': None, 'trait': None, 'difficulty': None, 'bonus': None, 'advState': 'neutral', 'diceRolling': {'multiplier': 'prof', 'flatMultiplier': 1, 'dice': 'd6', 'compare': None, 'treshold': None}, 'useDefault': False}, '_id': 'lOzqnllHGBKZpTGy', 'save': {'trait': None, 'difficulty': None, 'damageMod': 'none'}}}"
Shoot Around Corners,shoot-around-corners,bullet,ability,"<i>Geometry is your ally.</i><p class=""Card-Feature"">Hit a target around a 45° corner with disadvantage.</p>",8,1,"{'Shoot Around Corners': {'type': 'effect', 'systemPath': 'actions', 'description': '<i>Geometry is your ally.</i><p class=""Card-Feature"">Hit a target around a 45° corner with disadvantage.', 'chatDisplay': True, 'actionType': 'passive', 'cost': [], 'uses': {'value': None, 'max': '', 'recovery': None, 'consumeOnSuccess': False}, 'effects': [], 'target': {'type': 'any', 'amount': None}, 'name': 'Shoot Around Corners', 'img': 'modules/cybermancy/assets/icons/domains/bullet/shoot-around-corners.webp', 'range': '', '_id': 'boLrg3r61aRU4HsD'}}"
Short Circuit,short-circuit,circuit,ability,"<i>“Sometimes the best fix is a hard crash.”</i><p class=""Card-Feature"">Once per rest, target any mechanical Adversaries (Drones, robots, etc.) within Far and make a Spellcasting roll against the Adversaries's Difficulty.  On a success, the target loses its next round and takes d8+2 damage</p>",4,2,"{'Short Circuit': {'type': 'attack', 'systemPath': 'actions', 'description': '<i>“Sometimes the best fix is a hard crash.”</i><p class=""Card-Feature"">Once per rest, target any mechanical Adversaries (Drones, robots, etc.) within Far and make a Spellcasting roll against the Adversaries\'s Difficulty.  On a success, the target loses its next round and takes d8+2 damage', 'chatDisplay': True, 'actionType': 'action', 'cost': [], 'uses': {'value': None, 'max': '', 'recovery': None, 'consumeOnSuccess': False}, 'effects': [], 'target': {'type': 'any', 'amount': None}, 'name': 'Short Circuit', 'img': 'modules/cybermancy/assets/icons/domains/circuit/short-circuit.webp', 'range': '', 'damage': {'parts': [], 'includeBase': False}, 'roll': {'type': None, 'trait': None, 'difficulty': None, 'bonus': None, 'advState': 'neutral', 'diceRolling': {'multiplier': 'prof', 'flatMultiplier': 1, 'dice': 'd6', 'compare': None, 'treshold': None}, 'useDefault': False}, '_id': 'M9naxbrH1Zfh86FS', 'save': {'trait': None, 'difficulty': None, 'damageMod': 'none'}}}"
Signal Boost,signal-boost,circuit,ability,"<i>“Sometimes all you need is a better connection.”</i><p class=""Card-Feature"">Once per Scene, you can reroute local energy or data flow. Choose one ally within Close range; they gain +1 to their next roll that involves technology or reflexes.</p>",1,0,"{'Signal Boost': {'type': 'attack', 'systemPath': 'actions', 'description': '<i>“Sometimes all you need is a better connection.”</i><p class=""Card-Feature"">Once per Scene, you can reroute local energy or data flow. Choose one ally within Close range; they gain +1 to their next roll that involves technology or reflexes.', 'chatDisplay': True, 'actionType': 'action', 'cost': [], 'uses': {'value': None, 'max': '', 'recovery': None, 'consumeOnSuccess': False}, 'effects': [], 'target': {'type': 'any', 'amount': None}, 'name': 'Signal Boost', 'img': 'modules/cybermancy/assets/icons/domains/circuit/signal-boost.webp', 'range': '', 'damage': {'parts': [], 'includeBase': False}, 'roll': {'type': None, 'trait': None, 'difficulty': None, 'bonus': None, 'advState': 'neutral', 'diceRolling': {'multiplier': 'prof', 'flatMultiplier': 1, 'dice': 'd6', 'compare': None, 'treshold': None}, 'useDefault': False}, '_id': '7pQQPJy3gzwjCqAP', 'save': {'trait': None, 'difficulty': None, 'damageMod': 'none'}}}"
Situational Awareness,situational-awareness,bullet,ability,"<i>Nothing moves without you noticing.</i><p class=""Card-Feature""><strong>Spend 1 Hope</strong>; make a Perception check at +3 to detect all armed entities within Far.</p>",4,0,"{'Situational Awareness': {'type': 'effect', 'systemPath': 'actions', 'description': '<i>Nothing moves without you noticing.</i><p class=""Card-Feature""><strong>Spend 1 Hope</strong>; make a Perception check at +3 to detect all armed entities within Far.', 'chatDisplay': True, 'actionType': 'passive', 'cost': [{'key': 'hope', 'value': 1, 'keyIsID': False, 'scalable': False, 'step': None, 'consumeOnSuccess': False}], 'uses': {'value': None, 'max': '', 'recovery': None, 'consumeOnSuccess': False}, 'effects': [], 'target': {'type': 'any', 'amount': None}, 'name': 'Situational Awareness', 'img': 'modules/cybermancy/assets/icons/domains/bullet/situational-awareness.webp', 'range': '', '_id': 'aXjUP0iENIxKtQ21'}}"
Smartwire Reflex,smartwire-reflex,circuit,ability,"<i>“You’re half machine — might as well let it drive.”</i><p class=""Card-Feature"">Once per Scene, you may reroll one failed Agility, Spellcasting or Finesse roll as your implants auto-correct your motion.</p>",5,0,"{'Smartwire Reflex': {'type': 'attack', 'systemPath': 'actions', 'description': '<i>“You’re half machine — might as well let it drive.”</i><p class=""Card-Feature"">Once per Scene, you may reroll one failed Agility, Spellcasting or Finesse roll as your implants auto-correct your motion.', 'chatDisplay': True, 'actionType': 'action', 'cost': [], 'uses': {'value': None, 'max': '', 'recovery': None, 'consumeOnSuccess': False}, 'effects': [], 'target': {'type': 'any', 'amount': None}, 'name': 'Smartwire Reflex', 'img': 'modules/cybermancy/assets/icons/domains/circuit/smartwire-reflex.webp', 'range': '', 'damage': {'parts': [], 'includeBase': False}, 'roll': {'type': None, 'trait': None, 'difficulty': None, 'bonus': None, 'advState': 'neutral', 'diceRolling': {'multiplier': 'prof', 'flatMultiplier': 1, 'dice': 'd6', 'compare': None, 'treshold': None}, 'useDefault': False}, '_id': 'NgeO7xrTnrhsXcvr', 'save': {'trait': None, 'difficulty': None, 'damageMod': 'none'}}}"
Snapshot,snapshot,bullet,ability,"<i>Faster than the spotlight.</i><p class=""Card-Feature"">Once per Scene, as a Reaction, <strong>Spend 1 Hope</strong> when the GM spotlights an opponent to make a single ranged attack.</p>",2,0,"{'Snapshot': {'type': 'attack', 'systemPath': 'actions', 'description': '<i>Faster than the spotlight.</i><p class=""Card-Feature"">Once per Scene, as a Reaction, <strong>Spend 1 Hope</strong> when the GM spotlights an opponent to make a single ranged attack.', 'chatDisplay': True, 'actionType': 'reaction', 'cost': [{'key': 'hope', 'value': 1, 'keyIsID': False, 'scalable': False, 'step': None, 'consumeOnSuccess': False}], 'uses': {'value': None, 'max': '', 'recovery': None, 'consumeOnSuccess': False}, 'effects': [], 'target': {'type': 'any', 'amount': None}, 'name': 'Snapshot', 'img': 'modules/cybermancy/assets/icons/domains/bullet/snapshot.webp', 'range': '', 'damage': {'parts': [], 'includeBase': False}, 'roll': {'type': None, 'trait': None, 'difficulty': None, 'bonus': None, 'advState': 'neutral', 'diceRolling': {'multiplier': 'prof', 'flatMultiplier': 1, 'dice': 'd6', 'compare': None, 'treshold': None}, 'useDefault': False}, '_id': 'IQ0iZao9SIJW99Fg', 'save': {'trait': None, 'difficulty': None, 'damageMod': 'none'}}}"
Sniper Shot,sniper-shot,bullet,ability,"<i>Stillness is your superpower.</i><p class=""Card-Feature"">If you have a scope mod on your gun, <strong>Spend 1 Hope</strong> to gain +2 to attack (in addition to the +1 bonus provided by the scope).</p>",3,1,"{'Sniper Shot': {'type': 'attack', 'systemPath': 'actions', 'description': '<i>Stillness is your superpower.</i><p class=""Card-Feature"">If you have a scope mod on your gun, <strong>Spend 1 Hope</strong> to gain +2 to attack (in addition to the +1 bonus provided by the scope).', 'chatDisplay': True, 'actionType': 'action', 'cost': [{'key': 'hope', 'value': 1, 'keyIsID': False, 'scalable': False, 'step': None, 'consumeOnSuccess': False}], 'uses': {'value': None, 'max': '', 'recovery': None, 'consumeOnSuccess': False}, 'effects': [], 'target': {'type': 'any', 'amount': None}, 'name': 'Sniper Shot', 'img': 'modules/cybermancy/assets/icons/domains/bullet/sniper-shot.webp', 'range': '', 'damage': {'parts': [], 'includeBase': False}, 'roll': {'type': None, 'trait': None, 'difficulty': None, 'bonus': None, 'advState': 'neutral', 'diceRolling': {'multiplier': 'prof', 'flatMultiplier': 1, 'dice': 'd6', 'compare': None, 'treshold': None}, 'useDefault': False}, '_id': '7DZaiSuADkATj1Mo', 'save': {'trait': None, 'difficulty': None, 'damageMod': 'none'}}}"
Static Veil,static-veil,circuit,ability,"<i>“The perfect invisibility cloak smells faintly of ozone.”</i><p class=""Card-Feature""><strong>Spend 1 Hope</strong> to emit an electromagnetic haze that blurs surveillance and scanners. For one Scene, creatures roll with Disadvantage to detect you or your team.</p>",2,1,"{'Static Veil': {'type': 'attack', 'systemPath': 'actions', 'description': '<i>“The perfect invisibility cloak smells faintly of ozone.”</i><p class=""Card-Feature""><strong>Spend 1 Hope</strong> to emit an electromagnetic haze that blurs surveillance and scanners. For one Scene, creatures roll with Disadvantage to detect you or your team.', 'chatDisplay': True, 'actionType': 'action', 'cost': [{'key': 'hope', 'value': 1, 'keyIsID': False, 'scalable': False, 'step': None, 'consumeOnSuccess': False}], 'uses': {'value': None, 'max': '', 'recovery': None, 'consumeOnSuccess': False}, 'effects': [], 'target': {'type': 'any', 'amount': None}, 'name': 'Static Veil', 'img': 'modules/cybermancy/assets/icons/domains/circuit/static-veil.webp', 'range': '', 'damage': {'parts': [], 'includeBase': False}, 'roll': {'type': None, 'trait': None, 'difficulty': None, 'bonus': None, 'advState': 'neutral', 'diceRolling': {'multiplier': 'prof', 'flatMultiplier': 1, 'dice': 'd6', 'compare': None, 'treshold': None}, 'useDefault': False}, '_id': '0zwlYEvHx4hiOU9K', 'save': {'trait': None, 'difficulty': None, 'damageMod': 'none'}}}"
Stealth Drone,stealth-drone,maker,ability,"<i>Your eyes are everywhere.</i><p class=""Card-Feature"">Once per Scene, <strong>Spend 1 Hope</strong> to launch a tiny <b>Stealth Drone</b> within Very Far.  The drone provide audio within Very Close and visual signal.  When you take an Action, you can reposition the drone anywhere within Very Far.  creatures within Very Close can take an action to make an <b>Instinct</b> roll (Difficulty 15) to detect the drone, and if detected destroy the drone.</p>",4,1,"{'Stealth Drone': {'type': 'effect', 'systemPath': 'actions', 'description': '<i>Your eyes are everywhere.</i><p class=""Card-Feature"">Once per Scene, <strong>Spend 1 Hope</strong> to launch a tiny <b>Stealth Drone</b> within Very Far.  The drone provide audio within Very Close and visual signal.  When you take an Action, you can reposition the drone anywhere within Very Far.  creatures within Very Close can take an action to make an <b>Instinct</b> roll (Difficulty 15) to detect the drone, and if detected destroy the drone.', 'chatDisplay': True, 'actionType': 'passive', 'cost': [{'key': 'hope', 'value': 1, 'keyIsID': False, 'scalable': False, 'step': None, 'consumeOnSuccess': False}], 'uses': {'value': None, 'max': '', 'recovery': None, 'consumeOnSuccess': False}, 'effects': [], 'target': {'type': 'any', 'amount': None}, 'name': 'Stealth Drone', 'img': 'modules/cybermancy/assets/icons/domains/maker/stealth-drone.webp', 'range': '', '_id': 'wEpBTbA2Vu8u2A0X'}}"
Strobe Effect,strobe-effect,circuit,ability,"<i>“Flash ’em, crash ’em, and walk out glowing.”</i><p class=""Card-Feature""><strong>Spend 1 Hope</strong> to use your Reaction to make a Device you have Infiltrated or Controlled successfully generate a distration.  The creature must spend 1 Fear to take their next Action and they have disadvantage if they attack with their next action.</p>",2,1,"{'Strobe Effect': {'type': 'attack', 'systemPath': 'actions', 'description': '<i>“Flash ’em, crash ’em, and walk out glowing.”</i><p class=""Card-Feature""><strong>Spend 1 Hope</strong> to use your Reaction to make a Device you have Infiltrated or Controlled successfully generate a distration.  The creature must spend 1 Fear to take their next Action and they have disadvantage if they attack with their next action.', 'chatDisplay': True, 'actionType': 'reaction', 'cost': [{'key': 'hope', 'value': 1, 'keyIsID': False, 'scalable': False, 'step': None, 'consumeOnSuccess': False}], 'uses': {'value': None, 'max': '', 'recovery': None, 'consumeOnSuccess': False}, 'effects': [], 'target': {'type': 'any', 'amount': None}, 'name': 'Strobe Effect', 'img': 'modules/cybermancy/assets/icons/domains/circuit/strobe-effect.webp', 'range': '', 'damage': {'parts': [], 'includeBase': False}, 'roll': {'type': None, 'trait': None, 'difficulty': None, 'bonus': None, 'advState': 'neutral', 'diceRolling': {'multiplier': 'prof', 'flatMultiplier': 1, 'dice': 'd6', 'compare': None, 'treshold': None}, 'useDefault': False}, '_id': 'oFEvN3t5HA8zbuG3', 'save': {'trait': None, 'difficulty': None, 'damageMod': 'none'}}}"
Suppressing Fire,suppressing-fire,bullet,ability,"<i>The air itself becomes hostile.</i><p class=""Card-Feature""><strong>Mark 2 Stress</strong> and target one creature; all creatures within Very Close of it take -2 to actions and evasion.</p>",2,1,"{'Suppressing Fire': {'type': 'attack', 'systemPath': 'actions', 'description': '<i>The air itself becomes hostile.</i><p class=""Card-Feature""><strong>Mark 2 Stress</strong> and target one creature; all creatures within Very Close of it take -2 to actions and evasion.', 'chatDisplay': True, 'actionType': 'action', 'cost': [{'key': 'stress', 'value': 2, 'keyIsID': False, 'scalable': False, 'step': None, 'consumeOnSuccess': False}], 'uses': {'value': None, 'max': '', 'recovery': None, 'consumeOnSuccess': False}, 'effects': [], 'target': {'type': 'any', 'amount': None}, 'name': 'Suppressing Fire', 'img': 'modules/cybermancy/assets/icons/domains/bullet/suppressing-fire.webp', 'range': '', 'damage': {'parts': [], 'includeBase': False}, 'roll': {'type': None, 'trait': None, 'difficulty': None, 'bonus': None, 'advState': 'neutral', 'diceRolling': {'multiplier': 'prof', 'flatMultiplier': 1, 'dice': 'd6', 'compare': None, 'treshold': None}, 'useDefault': False}, '_id': 'A6lzo0osfaVRVdnI', 'save': {'trait': None, 'difficulty': None, 'damageMod': 'none'}}}"
Synchronized Uplink,synchronized-uplink,circuit,ability,"<i>“When the team shares your mind, chaos becomes choreography.”</i><p class=""Card-Feature"">At the beginning of the session, place a number of tokens on this card equal to your Spellcasting Trait.  Make a Spellcasting roll and target any creature you can see or detect within Very Far; on a success, send them a transmission (e.g. ""they ran down the hall!"").  They will believe the information and act accordingly ... usually</p>",4,2,"{'Synchronized Uplink': {'type': 'attack', 'systemPath': 'actions', 'description': '<i>“When the team shares your mind, chaos becomes choreography.”</i><p class=""Card-Feature"">At the beginning of the session, place a number of tokens on this card equal to your Spellcasting Trait.  Make a Spellcasting roll and target any creature you can see or detect within Very Far; on a success, send them a transmission (e.g. ""they ran down the hall!"").  They will believe the information and act accordingly ... usually', 'chatDisplay': True, 'actionType': 'action', 'cost': [{'key': 'stress', 'value': 2, 'keyIsID': False, 'scalable': False, 'step': None, 'consumeOnSuccess': False}], 'uses': {'value': None, 'max': '', 'recovery': None, 'consumeOnSuccess': False}, 'effects': [], 'target': {'type': 'any', 'amount': None}, 'name': 'Synchronized Uplink', 'img': 'modules/cybermancy/assets/icons/domains/circuit/synchronized-uplink.webp', 'range': '', 'damage': {'parts': [], 'includeBase': False}, 'roll': {'type': None, 'trait': None, 'difficulty': None, 'bonus': None, 'advState': 'neutral', 'diceRolling': {'multiplier': 'prof', 'flatMultiplier': 1, 'dice': 'd6', 'compare': None, 'treshold': None}, 'useDefault': False}, '_id': '37Y665mHur5jMb03', 'save': {'trait': None, 'difficulty': None, 'damageMod': 'none'}}}"
Targeted Shot,targeted-shot,bullet,ability,"<i>Precision is compassion—end it cleanly.</i><p class=""Card-Feature"">Once per rest, <strong>Mark 1 Stress</strong> to make an Attack targeting a specific limb, device mod, weapon, etc. on a creature at -2 on the Attack roll.  On a successful attack roll, disable a targeted component for the Scene</p>",5,2,"{'Targeted Shot': {'type': 'attack', 'systemPath': 'actions', 'description': '<i>Precision is compassion—end it cleanly.</i><p class=""Card-Feature"">Once per rest, <strong>Mark 1 Stress</strong> to make an Attack targeting a specific limb, device mod, weapon, etc. on a creature at -2 on the Attack roll.  On a successful attack roll, disable a targeted component for the Scene', 'chatDisplay': True, 'actionType': 'action', 'cost': [{'key': 'stress', 'value': 1, 'keyIsID': False, 'scalable': False, 'step': None, 'consumeOnSuccess': False}], 'uses': {'value': None, 'max': '', 'recovery': None, 'consumeOnSuccess': False}, 'effects': [], 'target': {'type': 'any', 'amount': None}, 'name': 'Targeted Shot', 'img': 'modules/cybermancy/assets/icons/domains/bullet/targeted-shot.webp', 'range': '', 'damage': {'parts': [], 'includeBase': False}, 'roll': {'type': None, 'trait': None, 'difficulty': None, 'bonus': None, 'advState': 'neutral', 'diceRolling': {'multiplier': 'prof', 'flatMultiplier': 1, 'dice': 'd6', 'compare': None, 'treshold': None}, 'useDefault': False}, '_id': '5UiHjQcbA2AVKYAw', 'save': {'trait': None, 'difficulty': None, 'damageMod': 'none'}}}"
Trick Shot,trick-shot,bullet,ability,"<i>Style points count double.</i><p class=""Card-Feature"">Spotlight an Action to put a token on this card.  Spotlight an Action to discard tokens for a specific effect depending on the number of tokens discard: </p><p> 1: Attack at Advantage </p><p> 2: Make 3 Attacks, each at +2 </p><p> 3: Automatically hit and d10+3 additional damage </p><p> Describe the cinematic effect of your shot. GM discretion</p>",3,2,"{'Trick Shot': {'type': 'attack', 'systemPath': 'actions', 'description': '<i>Style points count double.</i><p class=""Card-Feature"">Spotlight an Action to put a token on this card.  Spotlight an Action to discard tokens for a specific effect depending on the number of tokens discard: <p> 1: Attack at Advantage <p> 2: Make 3 Attacks, each at +2 <p> 3: Automatically hit and d10+3 additional damage <p> Describe the cinematic effect of your shot. GM discretion', 'chatDisplay': True, 'actionType': 'action', 'cost': [], 'uses': {'value': None, 'max': '', 'recovery': None, 'consumeOnSuccess': False}, 'effects': [], 'target': {'type': 'any', 'amount': None}, 'name': 'Trick Shot', 'img': 'modules/cybermancy/assets/icons/domains/bullet/trick-shot.webp', 'range': '', 'damage': {'parts': [], 'includeBase': False}, 'roll': {'type': None, 'trait': None, 'difficulty': None, 'bonus': None, 'advState': 'neutral', 'diceRolling': {'multiplier': 'prof', 'flatMultiplier': 1, 'dice': 'd6', 'compare': None, 'treshold': None}, 'useDefault': False}, '_id': 'OrRlazNWlRmOSB4K', 'save': {'trait': None, 'difficulty': None, 'damageMod': 'none'}}}"
Urban Assault Vehicle,urban-assault-vehicle,maker,ability,"<i>War van supremacy.</i><p class=""Card-Feature"">You own a large, heavily equipped vehicle large enough for your team plus 4 extra creatures - describe the vehicle on your character sheet. While driving this vehicle, gain +4 to Driving checks. On a critical success of a Driving roll, you may perform a cinematic driving maneuver with your vehicle (GM discretion).</p>",8,1,"{'Urban Assault Vehicle': {'type': 'effect', 'systemPath': 'actions', 'description': '<i>War van supremacy.</i><p class=""Card-Feature"">You own a large, heavily equipped vehicle large enough for your team plus 4 extra creatures - describe the vehicle on your character sheet. While driving this vehicle, gain +4 to Driving checks. On a critical success of a Driving roll, you may perform a cinematic driving maneuver with your vehicle (GM discretion).', 'chatDisplay': True, 'actionType': 'passive', 'cost': [], 'uses': {'value': None, 'max': '', 'recovery': None, 'consumeOnSuccess': False}, 'effects': [], 'target': {'type': 'any', 'amount': None}, 'name': 'Urban Assault Vehicle', 'img': 'modules/cybermancy/assets/icons/domains/maker/urban-assault-vehicle.webp', 'range': '', '_id': '27tEZr3b4jqm7Sn3'}}"
